dim,density,nthreads,max_sp,M,N_total,rep,spread_s,cycles_total,gather_pct,spread_pct,add_pct,other_pct,gather_cycles,spread_cycles,add_cycles,gather_ms,spread_ms,add_ms
1,0.125,1,10000,44739242,357913936,0,1.71,47172712332,4.86,2.26,4.46,88.14,2.2926e+09,1.0661e+09,2.1039e+09,717.67,333.73,658.6
1,0.125,1,53720,44739242,357913936,0,1.83,47461459874,4.9,2.32,4.7,87.65,2.3256e+09,1.1011e+09,2.2307e+09,752.27,356.17,721.56
1,0.125,1,288586,44739242,357913936,0,1.91,47260702748,5.06,2.6,4.85,87.28,2.3914e+09,1.2288e+09,2.2921e+09,772.55,396.96,740.49
1,0.125,1,1550291,44739242,357913936,0,2.47,48377303106,4.93,3.99,5.87,84.79,2.3850e+09,1.9303e+09,2.8397e+09,823.33,666.35,980.32
1,0.125,1,8328195,44739242,357913936,0,2.82,50244889455,4.75,3.99,5.75,85.12,2.3866e+09,2.0048e+09,2.8891e+09,924.43,776.52,1119.05
1,0.125,1,44739242,44739242,357913936,0,3.43,52084084504,4.7,3.77,5.69,85.49,2.4480e+09,1.9636e+09,2.9636e+09,1138.49,913.21,1378.3
1,0.125,8,10000,44739242,357913936,0,0.925,78901766298,3.69,1.7,3.02,91.07,2.9115e+09,1.3413e+09,2.3828e+09,405.86,186.98,332.16
1,0.125,8,35442,44739242,357913936,0,0.768,74424199816,3.67,1.47,3.32,91.06,2.7314e+09,1.0940e+09,2.4709e+09,333.16,133.45,301.39
1,0.125,8,125614,44739242,357913936,0,0.852,72274570294,4.21,2.33,4.07,88.85,3.0428e+09,1.6840e+09,2.9416e+09,338.07,187.1,326.83
1,0.125,8,445204,44739242,357913936,0,0.989,66596912278,4.52,3.28,4.88,86.84,3.0102e+09,2.1844e+09,3.2499e+09,352.55,255.83,380.62
1,0.125,8,1577898,44739242,357913936,0,1.07,66916634734,4.6,3.37,4.85,86.67,3.0782e+09,2.2551e+09,3.2455e+09,383.93,281.27,404.8
1,0.125,8,5592405,44739242,357913936,0,1.27,69666466308,4.69,3.49,4.56,86.61,3.2674e+09,2.4314e+09,3.1768e+09,467.53,347.9,454.57
1,0.125,all,10000,44739242,357913936,0,0.212,252035899376,2.37,0.62,5.21,91.18,5.9733e+09,1.5626e+09,1.3131e+10,61.27,16.03,134.7
1,0.125,all,23383,44739242,357913936,0,0.263,250558190899,2.98,1.73,6.84,87.78,7.4666e+09,4.3347e+09,1.7138e+10,67.86,39.39,155.75
1,0.125,all,54677,44739242,357913936,0,0.279,270809266933,4.03,2.48,8.51,84.33,1.0914e+10,6.7161e+09,2.3046e+10,74.86,46.07,158.08
1,0.125,all,127851,44739242,357913936,0,0.304,280182328981,2.11,1.33,4.32,91.67,5.9118e+09,3.7264e+09,1.2104e+10,82.66,52.1,169.24
1,0.125,all,298956,44739242,357913936,0,0.337,261115947895,2.2,1.33,4.09,91.84,5.7446e+09,3.4728e+09,1.0680e+10,97.3,58.82,180.88
1,0.125,all,699051,44739242,357913936,0,0.351,282879288373,3.85,2.02,6.07,87.44,1.0891e+10,5.7142e+09,1.7171e+10,113.18,59.38,178.44
1,0.25,1,10000,44739242,178956968,0,1.3,33629108398,6.64,3.03,2.41,87.61,2.2330e+09,1.0190e+09,8.1046e+08,714.57,326.08,259.35
1,0.25,1,53720,44739242,178956968,0,1.32,32608541079,6.74,3.26,3.3,86.47,2.1978e+09,1.0630e+09,1.0761e+09,668.93,323.55,327.52
1,0.25,1,288586,44739242,178956968,0,1.37,33725533265,7.0,3.16,3.3,86.39,2.3608e+09,1.0657e+09,1.1129e+09,712.48,321.63,335.88
1,0.25,1,1550291,44739242,178956968,0,1.72,34829272798,7.1,4.07,4.22,84.37,2.4729e+09,1.4176e+09,1.4698e+09,793.5,454.87,471.63
1,0.25,1,8328195,44739242,178956968,0,1.9,35700739078,7.01,4.02,4.18,84.64,2.5026e+09,1.4352e+09,1.4923e+09,875.67,502.17,522.16
1,0.25,1,44739242,44739242,178956968,0,2.28,36467016019,6.67,3.9,4.01,85.04,2.4323e+09,1.4222e+09,1.4623e+09,1043.05,609.88,627.08
1,0.25,8,10000,44739242,178956968,0,0.313,48487739424,5.87,2.64,2.33,88.76,2.8462e+09,1.2801e+09,1.1298e+09,169.49,76.23,67.28
1,0.25,8,35442,44739242,178956968,0,0.386,50538041822,5.76,2.14,2.64,88.98,2.9110e+09,1.0815e+09,1.3342e+09,210.94,78.37,96.68
1,0.25,8,125614,44739242,178956968,0,0.412,50622019336,5.84,2.3,2.77,88.68,2.9563e+09,1.1643e+09,1.4022e+09,220.54,86.86,104.6
1,0.25,8,445204,44739242,178956968,0,0.473,49288334363,6.38,3.01,3.26,86.84,3.1446e+09,1.4836e+09,1.6068e+09,238.56,112.55,121.9
1,0.25,8,1577898,44739242,178956968,0,0.558,49287263623,6.32,3.23,3.33,86.55,3.1150e+09,1.5920e+09,1.6413e+09,273.8,139.93,144.27
1,0.25,8,5592405,44739242,178956968,0,0.718,49608509626,6.59,3.18,3.21,86.43,3.2692e+09,1.5776e+09,1.5924e+09,364.53,175.9,177.56
1,0.25,all,10000,44739242,178956968,0,0.15,312629991617,4.25,1.34,5.26,88.48,1.3287e+10,4.1892e+09,1.6444e+10,58.76,18.53,72.72
1,0.25,all,23383,44739242,178956968,0,0.17,319780674926,4.68,0.98,4.48,89.17,1.4966e+10,3.1339e+09,1.4326e+10,78.46,16.43,75.11
1,0.25,all,54677,44739242,178956968,0,0.197,319465703380,3.12,1.06,3.39,91.85,9.9673e+09,3.3863e+09,1.0830e+10,81.19,27.59,88.22
1,0.25,all,127851,44739242,178956968,0,0.207,329335898985,3.63,1.26,3.57,90.94,1.1955e+10,4.1496e+09,1.1757e+10,88.82,30.83,87.35
1,0.25,all,298956,44739242,178956968,0,0.231,321760947425,3.32,1.23,3.54,91.29,1.0682e+10,3.9577e+09,1.1390e+10,94.8,35.12,101.08
1,0.25,all,699051,44739242,178956968,0,0.273,211106745504,3.9,1.16,3.27,91.13,8.2332e+09,2.4488e+09,6.9032e+09,127.82,38.02,107.17
1,0.5,1,10000,44739242,89478484,0,1.1,26900463540,9.43,3.16,1.42,85.78,2.5367e+09,8.5005e+08,3.8199e+08,740.4,248.11,111.49
1,0.5,1,53720,44739242,89478484,0,1.17,27254627167,8.46,4.15,1.96,85.14,2.3057e+09,1.1311e+09,5.3419e+08,679.35,333.25,157.39
1,0.5,1,288586,44739242,89478484,0,1.17,27121416931,8.79,4.08,2.03,84.85,2.3840e+09,1.1066e+09,5.5056e+08,690.22,320.38,159.4
1,0.5,1,1550291,44739242,89478484,0,1.27,27036800631,8.94,4.32,2.42,83.97,2.4171e+09,1.1680e+09,6.5429e+08,724.09,349.9,196.01
1,0.5,1,8328195,44739242,89478484,0,1.46,28433915181,8.91,4.28,2.68,83.87,2.5335e+09,1.2170e+09,7.6203e+08,819.7,393.75,246.55
1,0.5,1,44739242,44739242,89478484,0,1.69,28946664394,8.67,4.19,2.58,84.27,2.5097e+09,1.2129e+09,7.4682e+08,948.98,458.62,282.4
1,0.5,8,10000,44739242,89478484,0,0.183,35636476335,8.63,2.99,1.57,86.49,3.0754e+09,1.0655e+09,5.5949e+08,119.73,41.48,21.78
1,0.5,8,35442,44739242,89478484,0,0.205,36153841499,7.98,3.3,1.93,86.03,2.8851e+09,1.1931e+09,6.9777e+08,123.84,51.21,29.95
1,0.5,8,125614,44739242,89478484,0,0.21,36703332099,8.38,2.92,1.98,86.27,3.0757e+09,1.0717e+09,7.2673e+08,132.52,46.17,31.31
1,0.5,8,445204,44739242,89478484,0,0.245,38953997577,8.44,3.2,2.11,85.53,3.2877e+09,1.2465e+09,8.2193e+08,150.39,57.02,37.6
1,0.5,8,1577898,44739242,89478484,0,0.311,38449300782,8.5,3.26,2.23,85.36,3.2682e+09,1.2534e+09,8.5742e+08,188.96,72.47,49.57
1,0.5,8,5592405,44739242,89478484,0,0.434,39394427199,8.47,3.19,2.02,85.64,3.3367e+09,1.2567e+09,7.9577e+08,268.71,101.2,64.08
1,0.5,all,10000,44739242,89478484,0,0.0854,159480361438,5.66,1.59,3.25,88.94,9.0266e+09,2.5357e+09,5.1831e+09,46.03,12.93,26.43
1,0.5,all,23383,44739242,89478484,0,0.0908,158188279394,6.72,1.07,3.01,88.6,1.0630e+10,1.6926e+09,4.7615e+09,56.5,9.0,25.31
1,0.5,all,54677,44739242,89478484,0,0.108,161342399427,7.95,1.26,3.04,87.15,1.2827e+10,2.0329e+09,4.9048e+09,70.09,11.11,26.8
1,0.5,all,127851,44739242,89478484,0,0.121,169050555919,8.0,1.78,3.22,86.42,1.3524e+10,3.0091e+09,5.4434e+09,74.46,16.57,29.97
1,0.5,all,298956,44739242,89478484,0,0.136,167110563627,8.27,1.58,3.08,86.47,1.3820e+10,2.6403e+09,5.1470e+09,86.99,16.62,32.4
1,0.5,all,699051,44739242,89478484,0,0.137,187186743316,7.65,1.26,2.25,88.19,1.4320e+10,2.3586e+09,4.2117e+09,93.91,15.47,27.62
1,1,1,10000,44739242,44739242,0,1.02,23325994791,9.78,4.68,0.9,84.42,2.2813e+09,1.0917e+09,2.0993e+08,649.45,310.78,59.77
1,1,1,53720,44739242,44739242,0,1.11,23176293315,9.3,5.75,1.12,83.46,2.1554e+09,1.3326e+09,2.5957e+08,638.4,394.71,76.88
1,1,1,288586,44739242,44739242,0,1.05,23351482262,9.88,4.57,1.16,84.1,2.3071e+09,1.0672e+09,2.7088e+08,664.57,307.4,78.03
1,1,1,1550291,44739242,44739242,0,1.12,23631480605,10.3,4.27,1.19,83.87,2.4340e+09,1.0091e+09,2.8121e+08,731.98,303.45,84.57
1,1,1,8328195,44739242,44739242,0,1.22,23926187586,10.4,4.83,1.5,82.94,2.4883e+09,1.1556e+09,3.5889e+08,758.4,352.22,109.38
1,1,1,44739242,44739242,44739242,0,1.38,24296422154,9.79,4.75,1.49,83.52,2.3786e+09,1.1541e+09,3.6202e+08,842.81,408.92,128.27
1,1,8,10000,44739242,44739242,0,0.161,30809469840,9.68,3.58,0.92,85.42,2.9824e+09,1.1030e+09,2.8345e+08,109.91,40.65,10.45
1,1,8,35442,44739242,44739242,0,0.189,31728453081,9.48,4.94,1.09,84.08,3.0079e+09,1.5674e+09,3.4584e+08,115.52,60.2,13.28
1,1,8,125614,44739242,44739242,0,0.165,30551542102,9.87,3.44,1.14,85.16,3.0154e+09,1.0510e+09,3.4829e+08,112.7,39.28,13.02
1,1,8,445204,44739242,44739242,0,0.191,31573199793,10.18,3.56,1.19,84.72,3.2142e+09,1.1240e+09,3.7572e+08,130.23,45.54,15.22
1,1,8,1577898,44739242,44739242,0,0.24,32698393891,10.05,3.56,1.32,84.68,3.2862e+09,1.1641e+09,4.3162e+08,161.55,57.23,21.22
1,1,8,5592405,44739242,44739242,0,0.356,32987852188,10.01,3.44,1.2,85.02,3.3021e+09,1.1348e+09,3.9585e+08,243.25,83.59,29.16
1,1,all,10000,44739242,44739242,0,0.0716,118097229807,7.86,2.15,2.24,87.19,9.2824e+09,2.5391e+09,2.6454e+09,45.94,12.57,13.09
1,1,all,23383,44739242,44739242,0,0.0736,117409283907,8.23,1.5,2.14,87.6,9.6628e+09,1.7611e+09,2.5126e+09,51.03,9.3,13.27
1,1,all,54677,44739242,44739242,0,0.0851,120028603039,10.75,1.08,1.93,85.63,1.2903e+10,1.2963e+09,2.3166e+09,66.48,6.68,11.94
1,1,all,127851,44739242,44739242,0,0.094,122005727181,11.06,1.56,2.11,84.72,1.3494e+10,1.9033e+09,2.5743e+09,70.58,9.96,13.47
1,1,all,298956,44739242,44739242,0,0.106,139984622239,9.46,1.38,1.8,86.74,1.3243e+10,1.9318e+09,2.5197e+09,79.33,11.57,15.09
1,1,all,699051,44739242,44739242,0,0.116,138117737838,10.13,1.23,1.43,86.58,1.3991e+10,1.6988e+09,1.9751e+09,91.87,11.16,12.97
1,2,1,10000,44739242,22369621,0,0.982,20647813190,10.86,5.4,0.51,82.9,2.2424e+09,1.1150e+09,1.0530e+08,635.93,316.21,29.86
1,2,1,53720,44739242,22369621,0,1.09,20876808783,10.87,6.51,0.59,81.59,2.2693e+09,1.3591e+09,1.2317e+08,659.34,394.87,35.79
1,2,1,288586,44739242,22369621,0,1.02,20840741544,11.2,5.37,0.65,82.27,2.3342e+09,1.1191e+09,1.3546e+08,663.41,318.08,38.5
1,2,1,1550291,44739242,22369621,0,1.03,20503575907,11.08,5.32,0.7,82.15,2.2718e+09,1.0908e+09,1.4353e+08,667.39,320.44,42.16
1,2,1,8328195,44739242,22369621,0,1.13,21112285059,11.73,5.3,0.85,81.81,2.4765e+09,1.1190e+09,1.7945e+08,741.33,334.96,53.72
1,2,1,44739242,44739242,22369621,0,1.3,21873443978,11.47,4.84,0.84,82.45,2.5089e+09,1.0587e+09,1.8374e+08,869.45,366.88,63.67
1,2,8,10000,44739242,22369621,0,0.156,27615729825,10.62,4.33,0.54,84.25,2.9328e+09,1.1958e+09,1.4912e+08,106.95,43.61,5.44
1,2,8,35442,44739242,22369621,0,0.173,28098242099,10.54,5.48,0.5,83.15,2.9616e+09,1.5398e+09,1.4049e+08,110.38,57.39,5.24
1,2,8,125614,44739242,22369621,0,0.158,27839145783,10.99,3.86,0.71,84.12,3.0595e+09,1.0746e+09,1.9766e+08,111.6,39.2,7.21
1,2,8,445204,44739242,22369621,0,0.176,28540154154,11.54,3.9,0.62,83.52,3.2935e+09,1.1131e+09,1.7695e+08,126.47,42.74,6.79
1,2,8,1577898,44739242,22369621,0,0.211,28768221154,11.42,3.84,0.7,83.75,3.2853e+09,1.1047e+09,2.0138e+08,150.98,50.77,9.25
1,2,8,5592405,44739242,22369621,0,0.304,29498007225,11.06,3.73,0.67,84.17,3.2625e+09,1.1003e+09,1.9764e+08,217.48,73.35,13.17
1,2,all,10000,44739242,22369621,0,0.0636,91562590822,9.61,2.43,1.63,85.78,8.7992e+09,2.2250e+09,1.4925e+09,44.71,11.31,7.58
1,2,all,23383,44739242,22369621,0,0.0669,93938164370,10.38,2.08,1.42,85.42,9.7508e+09,1.9539e+09,1.3339e+09,50.03,10.03,6.84
1,2,all,54677,44739242,22369621,0,0.0733,93288862078,12.87,1.3,1.19,84.07,1.2006e+10,1.2128e+09,1.1101e+09,61.42,6.2,5.68
1,2,all,127851,44739242,22369621,0,0.0825,95237141380,13.86,1.57,1.28,82.6,1.3200e+10,1.4952e+09,1.2190e+09,68.43,7.75,6.32
1,2,all,298956,44739242,22369621,0,0.0955,102039235939,11.95,1.46,1.22,84.69,1.2194e+10,1.4898e+09,1.2449e+09,78.01,9.53,7.96
1,2,all,699051,44739242,22369621,0,0.119,102001311964,11.71,1.41,1.12,85.04,1.1944e+10,1.4382e+09,1.1424e+09,97.86,11.78,9.36
1,4,1,10000,44739242,11184810,0,0.972,18371831111,12.1,5.96,0.3,81.44,2.2230e+09,1.0950e+09,5.5115e+07,640.59,315.53,15.88
1,4,1,53720,44739242,11184810,0,1.06,18581237673,12.15,7.37,0.23,79.84,2.2576e+09,1.3694e+09,4.2737e+07,652.1,395.55,12.34
1,4,1,288586,44739242,11184810,0,0.986,18558956715,12.48,5.92,0.38,80.98,2.3162e+09,1.0987e+09,7.0524e+07,655.23,310.82,19.95
1,4,1,1550291,44739242,11184810,0,1.02,18664071271,12.78,5.78,0.38,80.54,2.3853e+09,1.0788e+09,7.0923e+07,688.26,311.28,20.46
1,4,1,8328195,44739242,11184810,0,1.08,18738411408,13.19,5.91,0.45,80.3,2.4716e+09,1.1074e+09,8.4323e+07,728.65,326.49,24.86
1,4,1,44739242,44739242,11184810,0,1.23,19423373197,12.71,5.81,0.46,80.5,2.4687e+09,1.1285e+09,8.9348e+07,823.67,376.52,29.81
1,4,8,10000,44739242,11184810,0,0.15,25075795624,11.2,4.99,0.29,83.08,2.8085e+09,1.2513e+09,7.2720e+07,101.94,45.42,2.64
1,4,8,35442,44739242,11184810,0,0.166,26178557320,11.25,5.67,0.32,82.37,2.9451e+09,1.4843e+09,8.3771e+07,108.32,54.6,3.08
1,4,8,125614,44739242,11184810,0,0.151,25213454571,11.83,4.18,0.32,83.21,2.9828e+09,1.0539e+09,8.0683e+07,109.39,38.65,2.96
1,4,8,445204,44739242,11184810,0,0.169,26089272043,12.28,4.22,0.34,82.78,3.2038e+09,1.1010e+09,8.8704e+07,123.24,42.35,3.41
1,4,8,1577898,44739242,11184810,0,0.2,26650179763,12.12,4.18,0.35,82.92,3.2300e+09,1.1140e+09,9.3276e+07,145.59,50.21,4.2
1,4,8,5592405,44739242,11184810,0,0.289,26932223173,12.11,4.12,0.36,83.07,3.2615e+09,1.1096e+09,9.6956e+07,210.96,71.77,6.27
1,4,all,10000,44739242,11184810,0,0.0593,75705764034,11.48,2.46,1.2,84.33,8.6910e+09,1.8624e+09,9.0847e+08,44.96,9.64,4.7
1,4,all,23383,44739242,11184810,0,0.0603,76469734487,12.18,2.59,0.81,83.86,9.3140e+09,1.9806e+09,6.1940e+08,47.14,10.02,3.13
1,4,all,54677,44739242,11184810,0,0.0672,79608291423,14.02,1.73,0.79,82.84,1.1161e+10,1.3772e+09,6.2891e+08,56.96,7.03,3.21
1,4,all,127851,44739242,11184810,0,0.0842,80834904791,13.7,1.91,0.77,82.96,1.1074e+10,1.5439e+09,6.2243e+08,70.42,9.82,3.96
1,4,all,298956,44739242,11184810,0,0.105,80368645452,13.94,1.86,0.74,82.75,1.1203e+10,1.4949e+09,5.9473e+08,88.49,11.81,4.7
1,4,all,699051,44739242,11184810,0,0.131,81426129024,14.21,1.71,0.69,82.7,1.1571e+10,1.3924e+09,5.6184e+08,112.07,13.49,5.44
1,8,1,10000,44739242,5592405,0,0.963,17010028364,12.98,6.65,0.16,80.56,2.2079e+09,1.1312e+09,2.7216e+07,631.62,323.6,7.79
1,8,1,53720,44739242,5592405,0,1.06,17396249881,12.72,7.91,0.12,79.29,2.2128e+09,1.3760e+09,2.0875e+07,649.79,404.08,6.13
1,8,1,288586,44739242,5592405,0,0.975,17097845121,13.54,6.4,0.18,80.53,2.3150e+09,1.0943e+09,3.0776e+07,656.14,310.14,8.72
1,8,1,1550291,44739242,5592405,0,0.99,17206849300,13.74,6.47,0.21,79.77,2.3642e+09,1.1133e+09,3.6134e+07,666.14,313.68,10.18
1,8,1,8328195,44739242,5592405,0,1.07,17535460791,14.25,6.31,0.23,79.38,2.4988e+09,1.1065e+09,4.0332e+07,733.41,324.76,11.84
1,8,1,44739242,44739242,5592405,0,1.19,17894953937,13.89,6.18,0.26,79.12,2.4856e+09,1.1059e+09,4.6527e+07,813.04,361.74,15.22
1,8,8,10000,44739242,5592405,0,0.153,23719630223,12.12,5.62,0.2,81.76,2.8748e+09,1.3330e+09,4.7439e+07,103.36,47.93,1.71
1,8,8,35442,44739242,5592405,0,0.163,24022188273,12.4,6.19,0.15,80.88,2.9788e+09,1.4870e+09,3.6033e+07,107.85,53.84,1.3
1,8,8,125614,44739242,5592405,0,0.152,23252426121,12.95,4.63,0.19,81.92,3.0112e+09,1.0766e+09,4.4180e+07,110.77,39.6,1.63
1,8,8,445204,44739242,5592405,0,0.166,23555877074,13.43,4.64,0.16,81.33,3.1636e+09,1.0930e+09,3.7689e+07,122.29,42.25,1.46
1,8,8,1577898,44739242,5592405,0,0.193,24422837700,13.41,4.54,0.19,81.46,3.2751e+09,1.1088e+09,4.6403e+07,142.68,48.3,2.02
1,8,8,5592405,44739242,5592405,0,0.284,24945163399,13.25,4.35,0.2,81.74,3.3052e+09,1.0851e+09,4.9890e+07,211.4,69.4,3.19
1,8,all,10000,44739242,5592405,0,0.0571,69512506992,12.77,2.58,0.76,83.34,8.8767e+09,1.7934e+09,5.2830e+08,45.26,9.14,2.69
1,8,all,23383,44739242,5592405,0,0.0606,70838943676,13.41,2.8,0.49,82.66,9.4995e+09,1.9835e+09,3.4711e+08,48.66,10.16,1.78
1,8,all,54677,44739242,5592405,0,0.069,69896750119,14.66,2.11,0.5,82.2,1.0247e+10,1.4748e+09,3.4948e+08,58.57,8.43,2.0
1,8,all,127851,44739242,5592405,0,0.0899,70818070701,13.84,2.07,0.46,82.86,9.8012e+09,1.4659e+09,3.2576e+08,76.01,11.37,2.53
1,8,all,298956,44739242,5592405,0,0.114,74317892972,13.6,1.93,0.44,83.26,1.0107e+10,1.4343e+09,3.2700e+08,97.08,13.78,3.14
1,8,all,699051,44739242,5592405,0,0.12,74475969266,14.91,1.77,0.39,82.24,1.1104e+10,1.3182e+09,2.9046e+08,104.82,12.44,2.74
1,16,1,10000,44739242,2796202,0,0.969,16397416805,13.46,6.7,0.12,79.93,2.2071e+09,1.0986e+09,1.9677e+07,643.13,320.13,5.73
1,16,1,53720,44739242,2796202,0,1.05,16716748429,13.31,8.59,0.12,78.35,2.2250e+09,1.4360e+09,2.0060e+07,634.67,409.6,5.72
1,16,1,288586,44739242,2796202,0,0.974,16618920309,13.76,6.6,0.14,80.11,2.2868e+09,1.0968e+09,2.3266e+07,653.77,313.58,6.65
1,16,1,1550291,44739242,2796202,0,0.989,16612528385,14.33,6.75,0.1,79.01,2.3806e+09,1.1213e+09,1.6613e+07,669.14,315.19,4.67
1,16,1,8328195,44739242,2796202,0,1.05,16667500852,14.88,6.68,0.11,78.51,2.4801e+09,1.1134e+09,1.8334e+07,721.0,323.67,5.33
1,16,1,44739242,44739242,2796202,0,1.16,16946649757,14.17,6.6,0.12,79.31,2.4013e+09,1.1185e+09,2.0336e+07,786.85,366.49,6.66
1,16,8,10000,44739242,2796202,0,0.153,21537794653,13.67,5.91,0.11,80.1,2.9442e+09,1.2729e+09,2.3692e+07,106.22,45.92,0.85
1,16,8,35442,44739242,2796202,0,0.162,21761249971,13.65,6.67,0.09,79.25,2.9704e+09,1.4515e+09,1.9585e+07,108.34,52.94,0.71
1,16,8,125614,44739242,2796202,0,0.155,21586728011,14.16,5.13,0.11,80.25,3.0567e+09,1.1074e+09,2.3745e+07,113.13,40.99,0.88
1,16,8,445204,44739242,2796202,0,0.162,21637454021,14.42,5.23,0.1,79.77,3.1201e+09,1.1316e+09,2.1637e+07,118.28,42.9,0.82
1,16,8,1577898,44739242,2796202,0,0.192,22240834673,14.72,5.06,0.09,79.7,3.2739e+09,1.1254e+09,2.0017e+07,142.24,48.89,0.87
1,16,8,5592405,44739242,2796202,0,0.281,22680325968,14.55,4.92,0.1,80.15,3.3000e+09,1.1159e+09,2.2680e+07,208.92,70.64,1.44
1,16,all,10000,44739242,2796202,0,0.0567,65290302279,13.68,2.8,0.46,82.55,8.9317e+09,1.8281e+09,3.0034e+08,45.79,9.37,1.54
1,16,all,23383,44739242,2796202,0,0.0618,65384132850,14.09,3.14,0.27,82.02,9.2126e+09,2.0531e+09,1.7654e+08,49.76,11.09,0.95
1,16,all,54677,44739242,2796202,0,0.0803,65486643727,15.35,2.29,0.22,81.59,1.0052e+10,1.4996e+09,1.4407e+08,69.01,10.3,0.99
1,16,all,127851,44739242,2796202,0,0.093,68836837901,15.8,2.18,0.23,81.04,1.0876e+10,1.5006e+09,1.5832e+08,80.69,11.13,1.17
1,16,all,298956,44739242,2796202,0,0.105,69209638212,15.19,2.14,0.23,81.68,1.0513e+10,1.4811e+09,1.5918e+08,90.83,12.8,1.38
1,16,all,699051,44739242,2796202,0,0.121,67738523546,16.73,1.96,0.2,80.44,1.1333e+10,1.3277e+09,1.3548e+08,107.16,12.55,1.28
1,32,1,10000,44739242,1398101,0,0.943,16275240364,13.45,6.71,0.05,80.23,2.1890e+09,1.0921e+09,8.1376e+06,627.58,313.09,2.33
1,32,1,53720,44739242,1398101,0,1.06,16522094504,13.3,8.13,0.06,79.04,2.1974e+09,1.3432e+09,9.9133e+06,656.03,401.01,2.96
1,32,1,288586,44739242,1398101,0,0.962,16303660775,13.96,6.61,0.03,79.72,2.2760e+09,1.0777e+09,4.8911e+06,651.92,308.68,1.4
1,32,1,1550291,44739242,1398101,0,0.974,16350879370,14.22,6.82,0.05,79.08,2.3251e+09,1.1151e+09,8.1754e+06,656.72,314.97,2.31
1,32,1,8328195,44739242,1398101,0,1.05,16728202400,15.03,6.6,0.06,78.52,2.5142e+09,1.1041e+09,1.0037e+07,727.59,319.5,2.9
1,32,1,44739242,44739242,1398101,0,1.16,16972513032,14.58,6.46,0.07,79.48,2.4746e+09,1.0964e+09,1.1881e+07,801.17,354.98,3.85
1,32,8,10000,44739242,1398101,0,0.153,20576119076,14.78,5.74,0.06,79.04,3.0412e+09,1.1811e+09,1.2346e+07,109.88,42.67,0.45
1,32,8,35442,44739242,1398101,0,0.16,20714040902,14.01,7.0,0.05,78.56,2.9020e+09,1.4500e+09,1.0357e+07,106.44,53.18,0.38
1,32,8,125614,44739242,1398101,0,0.152,20674137918,14.92,5.35,0.05,79.32,3.0846e+09,1.1061e+09,1.0337e+07,111.61,40.02,0.37
1,32,8,445204,44739242,1398101,0,0.161,20854995038,15.4,5.28,0.03,78.87,3.2117e+09,1.1011e+09,6.2565e+06,119.72,41.05,0.23
1,32,8,1577898,44739242,1398101,0,0.188,21137862771,15.38,5.21,0.04,79.05,3.2510e+09,1.1013e+09,8.4551e+06,140.16,47.48,0.36
1,32,8,5592405,44739242,1398101,0,0.278,21287014129,15.21,5.11,0.05,78.95,3.2378e+09,1.0878e+09,1.0644e+07,207.58,69.74,0.68
1,32,all,10000,44739242,1398101,0,0.0549,60441009136,15.34,2.8,0.27,81.18,9.2717e+09,1.6923e+09,1.6319e+08,45.75,8.35,0.81
1,32,all,23383,44739242,1398101,0,0.0566,60596301661,14.29,3.35,0.17,81.7,8.6592e+09,2.0300e+09,1.0301e+08,45.41,10.65,0.54
1,32,all,54677,44739242,1398101,0,0.064,62768680509,16.43,2.35,0.13,80.52,1.0313e+10,1.4751e+09,8.1599e+07,55.61,7.95,0.44
1,32,all,127851,44739242,1398101,0,0.0747,64326382055,18.4,2.3,0.11,78.59,1.1836e+10,1.4795e+09,7.0759e+07,66.05,8.26,0.39
1,32,all,298956,44739242,1398101,0,0.0782,65162546050,19.26,2.11,0.1,77.94,1.2550e+10,1.3749e+09,6.5163e+07,70.15,7.69,0.36
1,32,all,699051,44739242,1398101,0,0.0888,66370439060,20.36,1.85,0.09,77.16,1.3513e+10,1.2279e+09,5.9733e+07,81.07,7.37,0.36
2,0.125,1,10000,33554432,268435456,0,3.71,48460135742,6.12,8.52,8.92,76.07,2.9658e+09,4.1288e+09,4.3226e+09,963.72,1341.65,1404.63
2,0.125,1,50717,33554432,268435456,0,2.62,44828861769,6.56,7.48,5.26,80.25,2.9408e+09,3.3532e+09,2.3580e+09,890.53,1015.42,714.05
2,0.125,1,257217,33554432,268435456,0,2.63,45075851354,6.71,7.72,4.33,80.9,3.0246e+09,3.4799e+09,1.9518e+09,940.69,1082.28,607.03
2,0.125,1,1304518,33554432,268435456,0,3.04,47049921271,6.69,8.7,4.69,79.6,3.1476e+09,4.0933e+09,2.2066e+09,1012.83,1317.13,710.04
2,0.125,1,6616067,33554432,268435456,0,3.19,46617998670,6.58,8.57,4.53,79.98,3.0675e+09,3.9952e+09,2.1118e+09,1066.58,1389.14,734.28
2,0.125,1,33554432,33554432,268435456,0,3.64,48259366274,6.34,8.39,4.5,80.3,3.0596e+09,4.0490e+09,2.1717e+09,1200.08,1588.12,851.79
2,0.125,8,10000,33554432,268435456,0,1.43,86637617944,3.73,4.06,6.14,85.62,3.2316e+09,3.5175e+09,5.3195e+09,382.91,416.78,630.31
2,0.125,8,33460,33554432,268435456,0,0.925,71114521876,4.94,4.94,4.64,84.77,3.5131e+09,3.5131e+09,3.2997e+09,314.7,314.7,295.59
2,0.125,8,111960,33554432,268435456,0,0.781,65171259084,5.78,5.73,4.22,83.83,3.7669e+09,3.7343e+09,2.7502e+09,286.98,284.5,209.52
2,0.125,8,374624,33554432,268435456,0,0.784,59996001606,6.31,6.68,4.28,82.29,3.7857e+09,4.0077e+09,2.5678e+09,286.45,303.25,194.3
2,0.125,8,1253510,33554432,268435456,0,0.851,60254178191,6.42,6.58,4.13,82.42,3.8683e+09,3.9647e+09,2.4885e+09,318.94,326.89,205.17
2,0.125,8,4194304,33554432,268435456,0,1.13,63041736237,6.58,6.31,3.68,82.81,4.1481e+09,3.9779e+09,2.3199e+09,448.73,430.31,250.96
2,0.125,all,10000,33554432,268435456,0,0.425,249759477539,4.93,3.72,22.74,68.0,1.2313e+10,9.2911e+09,5.6795e+10,66.75,50.37,307.88
2,0.125,all,22076,33554432,268435456,0,0.345,238201396236,6.38,5.36,16.22,71.38,1.5197e+10,1.2768e+10,3.8636e+10,78.72,66.14,200.14
2,0.125,all,48734,33554432,268435456,0,0.289,226972703571,6.74,5.14,11.86,75.61,1.5298e+10,1.1666e+10,2.6919e+10,82.05,62.57,144.38
2,0.125,all,107583,33554432,268435456,0,0.283,221454162544,6.87,5.1,9.31,78.06,1.5214e+10,1.1294e+10,2.0617e+10,91.36,67.82,123.81
2,0.125,all,237496,33554432,268435456,0,0.317,226865175642,7.02,5.46,8.16,78.66,1.5926e+10,1.2387e+10,1.8512e+10,107.82,83.86,125.33
2,0.125,all,524288,33554432,268435456,0,0.35,238587314689,6.5,5.44,7.53,79.86,1.5508e+10,1.2979e+10,1.7966e+10,116.85,97.79,135.36
2,0.25,1,10000,33554432,134217728,0,2.68,35885892219,7.99,8.07,7.51,75.92,2.8673e+09,2.8960e+09,2.6950e+09,908.49,917.59,853.92
2,0.25,1,50717,33554432,134217728,0,2.1,33566321289,8.61,8.57,3.73,78.77,2.8901e+09,2.8766e+09,1.2520e+09,864.71,860.69,374.61
2,0.25,1,257217,33554432,134217728,0,1.99,33574523068,8.85,8.72,2.83,79.51,2.9713e+09,2.9277e+09,9.5016e+08,863.31,850.63,276.06
2,0.25,1,1304518,33554432,134217728,0,2.17,33999066364,9.0,8.91,3.08,78.85,3.0599e+09,3.0293e+09,1.0472e+09,930.44,921.14,318.42
2,0.25,1,6616067,33554432,134217728,0,2.35,34974138954,8.66,8.59,3.2,79.28,3.0288e+09,3.0043e+09,1.1192e+09,995.16,987.11,367.73
2,0.25,1,33554432,33554432,134217728,0,2.58,35098411186,8.69,8.44,3.0,79.51,3.0501e+09,2.9623e+09,1.0530e+09,1113.77,1081.73,384.5
2,0.25,8,10000,33554432,134217728,0,0.905,59730253124,5.71,4.85,5.49,83.44,3.4106e+09,2.8969e+09,3.2792e+09,321.97,273.47,309.56
2,0.25,8,33460,33554432,134217728,0,0.537,49679844999,7.28,5.7,3.79,82.8,3.6167e+09,2.8318e+09,1.8829e+09,233.12,182.52,121.36
2,0.25,8,111960,33554432,134217728,0,0.395,45763249993,8.35,6.29,3.0,81.87,3.8212e+09,2.8785e+09,1.3729e+09,186.98,140.85,67.18
2,0.25,8,374624,33554432,134217728,0,0.408,45257830243,8.66,6.52,2.92,81.34,3.9193e+09,2.9508e+09,1.3215e+09,195.21,146.97,65.82
2,0.25,8,1253510,33554432,134217728,0,0.474,45258632296,8.62,6.83,2.89,81.15,3.9013e+09,3.0912e+09,1.3080e+09,222.79,176.52,74.69
2,0.25,8,4194304,33554432,134217728,0,0.688,46511698961,8.98,6.54,2.55,81.34,4.1768e+09,3.0419e+09,1.1860e+09,341.91,249.0,97.09
2,0.25,all,10000,33554432,134217728,0,0.249,157600270670,6.24,2.39,20.65,70.02,9.8343e+09,3.7666e+09,3.2544e+10,53.07,20.32,175.61
2,0.25,all,22076,33554432,134217728,0,0.213,148745069065,9.02,3.61,14.22,72.44,1.3417e+10,5.3697e+09,2.1152e+10,71.56,28.64,112.81
2,0.25,all,48734,33554432,134217728,0,0.196,149439399000,9.61,4.06,9.7,75.9,1.4361e+10,6.0672e+09,1.4496e+10,80.6,34.05,81.35
2,0.25,all,107583,33554432,134217728,0,0.196,145093242155,10.41,3.68,7.7,77.45,1.5104e+10,5.3394e+09,1.1172e+10,93.64,33.1,69.26
2,0.25,all,237496,33554432,134217728,0,0.204,144803507144,10.06,3.47,5.94,79.78,1.4567e+10,5.0247e+09,8.6013e+09,105.41,36.36,62.24
2,0.25,all,524288,33554432,134217728,0,0.203,155083959126,9.82,3.45,5.32,80.73,1.5229e+10,5.3504e+09,8.2505e+09,107.23,37.67,58.09
2,0.5,1,10000,33554432,67108864,0,2.31,29526689418,9.76,10.39,4.7,74.98,2.8818e+09,3.0678e+09,1.3878e+09,907.27,965.83,436.9
2,0.5,1,50717,33554432,67108864,0,1.97,28188028809,10.1,10.95,2.63,76.21,2.8470e+09,3.0866e+09,7.4135e+08,840.24,910.96,218.8
2,0.5,1,257217,33554432,67108864,0,1.88,28246852970,10.38,10.8,1.73,76.88,2.9320e+09,3.0507e+09,4.8867e+08,851.79,886.25,141.96
2,0.5,1,1304518,33554432,67108864,0,1.94,28213230952,10.85,10.96,1.66,76.26,3.0611e+09,3.0922e+09,4.6834e+08,896.85,905.94,137.21
2,0.5,1,6616067,33554432,67108864,0,2.03,29122944953,10.79,10.91,1.94,76.12,3.1424e+09,3.1773e+09,5.6499e+08,926.55,936.86,166.59
2,0.5,1,33554432,33554432,67108864,0,2.24,29116182729,10.34,10.49,1.88,77.03,3.0106e+09,3.0543e+09,5.4738e+08,1019.89,1034.68,185.43
2,0.5,8,10000,33554432,67108864,0,0.57,44469586601,7.93,7.55,4.45,79.64,3.5264e+09,3.3575e+09,1.9789e+09,226.8,215.93,127.27
2,0.5,8,33460,33554432,67108864,0,0.321,37235487151,9.84,8.27,2.93,78.52,3.6640e+09,3.0794e+09,1.0910e+09,150.13,126.17,44.7
2,0.5,8,111960,33554432,67108864,0,0.298,36545836589,10.3,8.3,1.92,78.95,3.7642e+09,3.0333e+09,7.0168e+08,149.58,120.54,27.88
2,0.5,8,374624,33554432,67108864,0,0.315,37047072898,10.78,8.33,1.7,78.68,3.9937e+09,3.0860e+09,6.2980e+08,163.18,126.09,25.73
2,0.5,8,1253510,33554432,67108864,0,0.375,37708973043,10.7,8.27,1.74,78.57,4.0349e+09,3.1185e+09,6.5614e+08,193.75,149.75,31.51
2,0.5,8,4194304,33554432,67108864,0,0.486,38070821657,10.96,8.12,1.57,78.71,4.1726e+09,3.0914e+09,5.9771e+08,257.94,191.11,36.95
2,0.5,all,10000,33554432,67108864,0,0.152,111927640763,7.24,3.39,15.51,73.28,8.1036e+09,3.7943e+09,1.7360e+10,42.1,19.71,90.19
2,0.5,all,22076,33554432,67108864,0,0.147,111060206863,10.19,3.24,11.25,74.66,1.1317e+10,3.5984e+09,1.2494e+10,60.69,19.3,67.01
2,0.5,all,48734,33554432,67108864,0,0.139,113132809204,12.48,3.87,6.83,76.2,1.4119e+10,4.3782e+09,7.7270e+09,74.84,23.21,40.96
2,0.5,all,107583,33554432,67108864,0,0.152,110107177149,12.27,3.71,5.19,78.09,1.3510e+10,4.0850e+09,5.7146e+09,88.1,26.64,37.26
2,0.5,all,237496,33554432,67108864,0,0.161,112614842109,12.5,3.37,3.87,79.58,1.4077e+10,3.7951e+09,4.3582e+09,101.95,27.49,31.56
2,0.5,all,524288,33554432,67108864,0,0.177,112115040438,11.26,3.15,3.27,81.53,1.2624e+10,3.5316e+09,3.6662e+09,112.73,31.54,32.74
2,1,1,10000,33554432,33554432,0,1.96,24407072070,11.49,11.9,2.87,73.44,2.8044e+09,2.9044e+09,7.0048e+08,857.59,888.19,214.21
2,1,1,50717,33554432,33554432,0,1.81,23722798700,11.78,12.46,1.83,73.77,2.7945e+09,2.9559e+09,4.3413e+08,817.87,865.08,127.05
2,1,1,257217,33554432,33554432,0,1.75,24075476565,12.13,12.58,1.06,73.78,2.9204e+09,3.0287e+09,2.5520e+08,823.73,854.29,71.98
2,1,1,1304518,33554432,33554432,0,1.79,23844474194,12.56,12.59,0.91,73.72,2.9949e+09,3.0020e+09,2.1698e+08,862.72,864.78,62.51
2,1,1,6616067,33554432,33554432,0,1.89,24229153569,12.56,12.39,1.11,73.53,3.0432e+09,3.0020e+09,2.6894e+08,910.91,898.58,80.5
2,1,1,33554432,33554432,33554432,0,2.04,24514019550,12.24,12.14,1.11,74.17,3.0005e+09,2.9760e+09,2.7211e+08,979.58,971.58,88.83
2,1,8,10000,33554432,33554432,0,0.339,33268780103,10.48,8.9,3.27,77.01,3.4866e+09,2.9609e+09,1.0879e+09,156.85,133.21,48.94
2,1,8,33460,33554432,33554432,0,0.282,31786169551,11.37,9.14,2.14,77.03,3.6141e+09,2.9053e+09,6.8022e+08,141.56,113.8,26.64
2,1,8,111960,33554432,33554432,0,0.268,31312972246,11.96,9.37,1.24,77.17,3.7450e+09,2.9340e+09,3.8828e+08,142.02,111.26,14.72
2,1,8,374624,33554432,33554432,0,0.289,31686882394,12.5,9.35,0.94,76.87,3.9609e+09,2.9627e+09,2.9786e+08,158.51,118.57,11.92
2,1,8,1253510,33554432,33554432,0,0.348,32167687821,12.35,9.23,0.98,77.09,3.9727e+09,2.9691e+09,3.1524e+08,190.51,142.38,15.12
2,1,8,4194304,33554432,33554432,0,0.381,33008928034,12.52,9.28,0.9,76.92,4.1327e+09,3.0632e+09,2.9708e+08,210.14,155.76,15.11
2,1,all,10000,33554432,33554432,0,0.109,83006737747,8.85,4.99,11.67,73.88,7.3461e+09,4.1420e+09,9.6869e+09,37.81,21.32,49.86
2,1,all,22076,33554432,33554432,0,0.116,85923071767,12.52,3.69,8.35,74.82,1.0758e+10,3.1706e+09,7.1746e+09,59.13,17.43,39.44
2,1,all,48734,33554432,33554432,0,0.115,83319859822,15.25,3.91,5.34,74.89,1.2706e+10,3.2578e+09,4.4493e+09,71.58,18.35,25.07
2,1,all,107583,33554432,33554432,0,0.126,84588669942,14.5,3.89,3.59,77.36,1.2265e+10,3.2905e+09,3.0367e+09,83.12,22.3,20.58
2,1,all,237496,33554432,33554432,0,0.149,84178398492,13.93,3.88,2.76,78.68,1.1726e+10,3.2661e+09,2.3233e+09,100.9,28.11,19.99
2,1,all,524288,33554432,33554432,0,0.209,84891067843,15.95,3.64,2.09,77.56,1.3540e+10,3.0900e+09,1.7742e+09,153.76,35.09,20.15
2,2,1,10000,33554432,16777216,0,1.81,22273822907,12.51,13.54,1.52,72.25,2.7865e+09,3.0159e+09,3.3856e+08,821.29,888.92,99.79
2,2,1,50717,33554432,16777216,0,1.8,22420213264,12.65,14.07,1.19,71.93,2.8362e+09,3.1545e+09,2.6680e+08,815.84,907.42,76.75
2,2,1,257217,33554432,16777216,0,1.7,22054786101,12.97,13.27,0.64,72.73,2.8605e+09,2.9267e+09,1.4115e+08,820.28,839.25,40.48
2,2,1,1304518,33554432,16777216,0,1.71,22051147859,13.4,13.29,0.49,72.51,2.9549e+09,2.9306e+09,1.0805e+08,843.05,836.13,30.83
2,2,1,6616067,33554432,16777216,0,1.77,22136455784,13.7,13.07,0.56,72.15,3.0327e+09,2.8932e+09,1.2396e+08,887.27,846.47,36.27
2,2,1,33554432,33554432,16777216,0,1.92,22790252578,13.25,12.76,0.59,73.18,3.0197e+09,2.9080e+09,1.3446e+08,956.39,921.02,42.59
2,2,8,10000,33554432,16777216,0,0.272,28068733829,12.37,10.13,2.15,75.08,3.4721e+09,2.8434e+09,6.0348e+08,136.5,111.78,23.72
2,2,8,33460,33554432,16777216,0,0.268,28230401115,12.83,11.06,1.32,74.53,3.6220e+09,3.1223e+09,3.7264e+08,136.39,117.58,14.03
2,2,8,111960,33554432,16777216,0,0.261,28021319554,13.19,10.83,0.79,74.84,3.6960e+09,3.0347e+09,2.2137e+08,138.76,113.93,8.31
2,2,8,374624,33554432,16777216,0,0.274,28185659758,13.84,10.38,0.55,74.8,3.9009e+09,2.9257e+09,1.5502e+08,153.09,114.82,6.08
2,2,8,1253510,33554432,16777216,0,0.314,28815409049,13.97,10.22,0.53,75.0,4.0255e+09,2.9449e+09,1.5272e+08,177.45,129.82,6.73
2,2,8,4194304,33554432,16777216,0,0.328,29389453901,14.05,9.88,0.5,75.28,4.1292e+09,2.9037e+09,1.4695e+08,188.64,132.65,6.71
2,2,all,10000,33554432,16777216,0,0.0878,72377787311,10.28,6.19,7.71,75.19,7.4404e+09,4.4802e+09,5.5803e+09,37.33,22.48,28.0
2,2,all,22076,33554432,16777216,0,0.0887,72579056191,12.76,4.63,6.49,75.53,9.2611e+09,3.3604e+09,4.7104e+09,47.4,17.2,24.11
2,2,all,48734,33554432,16777216,0,0.108,74288983882,15.31,4.3,3.51,76.21,1.1374e+10,3.1944e+09,2.6075e+09,71.52,20.09,16.4
2,2,all,107583,33554432,16777216,0,0.118,74048240993,14.89,4.34,2.15,77.85,1.1026e+10,3.2137e+09,1.5920e+09,82.18,23.95,11.87
2,2,all,237496,33554432,16777216,0,0.159,74025857125,15.05,4.35,1.66,78.17,1.1141e+10,3.2201e+09,1.2288e+09,113.63,32.84,12.53
2,2,all,524288,33554432,16777216,0,0.201,75275512782,18.13,3.99,1.2,75.98,1.3647e+10,3.0035e+09,9.0331e+08,156.27,34.39,10.34
2,4,1,10000,33554432,8388608,0,1.67,20373850181,13.41,14.11,0.79,71.5,2.7321e+09,2.8748e+09,1.6095e+08,791.05,832.35,46.6
2,4,1,50717,33554432,8388608,0,1.66,20344504615,13.71,13.79,0.7,71.28,2.7892e+09,2.8055e+09,1.4241e+08,807.04,811.75,41.21
2,4,1,257217,33554432,8388608,0,1.63,20227658051,13.95,13.97,0.34,71.55,2.8218e+09,2.8258e+09,6.8774e+07,804.62,805.77,19.61
2,4,1,1304518,33554432,8388608,0,1.65,20412764946,14.3,13.83,0.28,71.36,2.9190e+09,2.8231e+09,5.7156e+07,830.52,803.22,16.26
2,4,1,6616067,33554432,8388608,0,1.72,20621509143,14.54,13.42,0.28,71.34,2.9984e+09,2.7674e+09,5.7740e+07,885.58,817.37,17.05
2,4,1,33554432,33554432,8388608,0,1.85,21033716903,13.75,12.95,0.31,72.53,2.8921e+09,2.7239e+09,6.5205e+07,941.78,886.99,21.23
2,4,8,10000,33554432,8388608,0,0.249,25423031634,13.89,10.91,1.3,73.62,3.5313e+09,2.7737e+09,3.3050e+08,132.51,104.08,12.4
2,4,8,33460,33554432,8388608,0,0.247,25319544136,13.9,11.27,0.96,73.45,3.5194e+09,2.8535e+09,2.4307e+08,131.39,106.53,9.07
2,4,8,111960,33554432,8388608,0,0.247,25441468901,14.36,11.18,0.47,73.62,3.6534e+09,2.8444e+09,1.1957e+08,136.37,106.17,4.46
2,4,8,374624,33554432,8388608,0,0.264,25579160023,15.36,10.93,0.32,72.8,3.9290e+09,2.7958e+09,8.1853e+07,152.39,108.44,3.17
2,4,8,1253510,33554432,8388608,0,0.297,25994269813,15.44,10.84,0.28,73.12,4.0135e+09,2.8178e+09,7.2784e+07,172.65,121.22,3.13
2,4,8,4194304,33554432,8388608,0,0.305,26637453352,15.52,10.62,0.27,73.32,4.1341e+09,2.8289e+09,7.1921e+07,179.24,122.65,3.12
2,4,all,10000,33554432,8388608,0,0.0896,64460728759,11.6,6.81,5.06,75.93,7.4774e+09,4.3898e+09,3.2617e+09,44.28,26.0,19.32
2,4,all,22076,33554432,8388608,0,0.0911,65476825973,13.2,5.15,4.51,76.56,8.6429e+09,3.3721e+09,2.9530e+09,52.6,20.52,17.97
2,4,all,48734,33554432,8388608,0,0.0985,69525723356,17.04,4.56,2.58,75.13,1.1847e+10,3.1704e+09,1.7938e+09,69.41,18.58,10.51
2,4,all,107583,33554432,8388608,0,0.124,65763034771,14.57,4.54,1.49,78.6,9.5817e+09,2.9856e+09,9.7987e+08,87.7,27.33,8.97
2,4,all,237496,33554432,8388608,0,0.137,67148465295,17.43,4.36,1.01,76.4,1.1704e+10,2.9277e+09,6.7820e+08,104.73,26.2,6.07
2,4,all,524288,33554432,8388608,0,0.187,65886199260,15.77,4.5,0.79,78.16,1.0390e+10,2.9649e+09,5.2050e+08,140.03,39.96,7.01
2,8,1,10000,33554432,4194304,0,1.63,20069864638,13.34,14.57,0.47,71.46,2.6773e+09,2.9242e+09,9.4328e+07,766.18,836.83,26.99
2,8,1,50717,33554432,4194304,0,1.66,20259228126,13.83,14.34,0.44,71.28,2.8019e+09,2.9052e+09,8.9141e+07,802.44,832.03,25.53
2,8,1,257217,33554432,4194304,0,1.66,20394986819,14.0,14.44,0.24,71.01,2.8553e+09,2.9450e+09,4.8948e+07,810.32,835.79,13.89
2,8,1,1304518,33554432,4194304,0,1.66,20277248507,14.06,14.35,0.13,71.02,2.8510e+09,2.9098e+09,2.6360e+07,817.79,834.65,7.56
2,8,1,6616067,33554432,4194304,0,1.71,20390801220,14.86,14.1,0.14,70.43,3.0301e+09,2.8751e+09,2.8547e+07,873.22,828.56,8.23
2,8,1,33554432,33554432,4194304,0,1.84,20884935719,13.89,13.7,0.15,71.75,2.9009e+09,2.8612e+09,3.1327e+07,921.33,908.72,9.95
2,8,8,10000,33554432,4194304,0,0.242,24401840151,14.64,11.58,0.71,72.73,3.5724e+09,2.8257e+09,1.7325e+08,131.56,104.06,6.38
2,8,8,33460,33554432,4194304,0,0.244,24338457483,14.95,11.77,0.53,72.33,3.6386e+09,2.8646e+09,1.2899e+08,133.86,105.39,4.75
2,8,8,111960,33554432,4194304,0,0.25,24535049723,15.19,11.83,0.3,72.3,3.7269e+09,2.9025e+09,7.3605e+07,139.0,108.25,2.75
2,8,8,374624,33554432,4194304,0,0.26,24664594650,15.72,11.87,0.16,71.79,3.8773e+09,2.9277e+09,3.9463e+07,147.29,111.21,1.5
2,8,8,1253510,33554432,4194304,0,0.298,24827459987,16.04,11.54,0.15,71.92,3.9823e+09,2.8651e+09,3.7241e+07,172.37,124.01,1.61
2,8,8,4194304,33554432,4194304,0,0.298,25248738163,16.03,11.23,0.13,72.13,4.0474e+09,2.8354e+09,3.2823e+07,174.4,122.18,1.41
2,8,all,10000,33554432,4194304,0,0.0837,60206460645,12.31,7.16,3.5,76.54,7.4114e+09,4.3108e+09,2.1072e+09,44.86,26.09,12.75
2,8,all,22076,33554432,4194304,0,0.0876,62233171196,13.8,5.89,2.59,77.11,8.5882e+09,3.6655e+09,1.6118e+09,54.26,23.16,10.18
2,8,all,48734,33554432,4194304,0,0.107,61212561089,14.81,5.0,1.64,77.88,9.0656e+09,3.0606e+09,1.0039e+09,73.88,24.94,8.18
2,8,all,107583,33554432,4194304,0,0.118,65098111336,17.67,4.94,1.05,75.61,1.1503e+10,3.2158e+09,6.8353e+08,88.13,24.64,5.24
2,8,all,237496,33554432,4194304,0,0.146,65318834831,17.26,4.77,0.61,76.58,1.1274e+10,3.1157e+09,3.9844e+08,111.31,30.76,3.93
2,8,all,524288,33554432,4194304,0,0.195,63897744249,17.53,4.64,0.44,76.7,1.1201e+10,2.9649e+09,2.8115e+08,151.19,40.02,3.79
2,16,1,10000,33554432,2097152,0,1.62,19521525773,13.72,14.83,0.27,70.85,2.6784e+09,2.8950e+09,5.2708e+07,771.21,833.61,15.18
2,16,1,50717,33554432,2097152,0,1.59,19323672094,13.56,13.6,0.23,71.97,2.6203e+09,2.6280e+09,4.4444e+07,787.16,789.49,13.35
2,16,1,257217,33554432,2097152,0,1.57,19191325412,14.56,13.94,0.13,70.76,2.7943e+09,2.6753e+09,2.4949e+07,798.44,764.44,7.13
2,16,1,1304518,33554432,2097152,0,1.58,19044344137,14.71,14.37,0.08,70.25,2.8014e+09,2.7367e+09,1.5235e+07,797.04,778.62,4.33
2,16,1,6616067,33554432,2097152,0,1.69,19794467803,15.49,13.67,0.07,70.32,3.0662e+09,2.7059e+09,1.3856e+07,895.59,790.36,4.05
2,16,1,33554432,33554432,2097152,0,1.79,20031410536,14.96,13.59,0.07,71.06,2.9967e+09,2.7223e+09,1.4022e+07,935.65,849.97,4.38
2,16,8,10000,33554432,2097152,0,0.232,23480729116,15.03,11.71,0.38,72.53,3.5292e+09,2.7496e+09,8.9227e+07,128.58,100.17,3.25
2,16,8,33460,33554432,2097152,0,0.233,23272633477,15.05,11.94,0.31,72.15,3.5025e+09,2.7788e+09,7.2145e+07,128.45,101.91,2.65
2,16,8,111960,33554432,2097152,0,0.237,23763258071,15.81,11.35,0.16,72.34,3.7570e+09,2.6971e+09,3.8021e+07,137.15,98.46,1.39
2,16,8,374624,33554432,2097152,0,0.248,23905776482,16.44,11.35,0.09,71.78,3.9301e+09,2.7133e+09,2.1515e+07,146.24,100.96,0.8
2,16,8,1253510,33554432,2097152,0,0.284,24049652786,16.53,11.07,0.08,71.86,3.9754e+09,2.6623e+09,1.9240e+07,169.6,113.58,0.82
2,16,8,4194304,33554432,2097152,0,0.292,24624989074,16.64,11.08,0.07,71.84,4.0976e+09,2.7284e+09,1.7237e+07,174.84,116.42,0.74
2,16,all,10000,33554432,2097152,0,0.08,64674798096,15.35,8.2,1.93,73.97,9.9276e+09,5.3033e+09,1.2482e+09,48.19,25.75,6.06
2,16,all,22076,33554432,2097152,0,0.0682,53751276735,17.3,6.4,1.35,74.4,9.2990e+09,3.4401e+09,7.2564e+08,47.1,17.42,3.68
2,16,all,48734,33554432,2097152,0,0.0778,55827914994,20.47,5.16,1.0,72.79,1.1428e+10,2.8807e+09,5.5828e+08,59.8,15.08,2.92
2,16,all,107583,33554432,2097152,0,0.0889,58492800299,21.85,4.76,0.6,72.11,1.2781e+10,2.7843e+09,3.5096e+08,71.39,15.55,1.96
2,16,all,237496,33554432,2097152,0,0.0925,57764599721,22.57,4.78,0.37,71.52,1.3037e+10,2.7611e+09,2.1373e+08,75.31,15.95,1.23
2,16,all,524288,33554432,2097152,0,0.106,60298392020,24.55,4.72,0.24,69.78,1.4803e+10,2.8461e+09,1.4472e+08,88.18,16.95,0.86
2,32,1,10000,33554432,1048576,0,1.63,19607870078,13.74,15.19,0.09,70.83,2.6941e+09,2.9784e+09,1.7647e+07,771.75,853.19,5.06
2,32,1,50717,33554432,1048576,0,1.59,19231045767,14.01,14.82,0.15,70.89,2.6943e+09,2.8500e+09,2.8847e+07,768.66,813.11,8.23
2,32,1,257217,33554432,1048576,0,1.62,19711349603,14.45,14.5,0.1,70.62,2.8483e+09,2.8581e+09,1.9711e+07,805.82,808.61,5.58
2,32,1,1304518,33554432,1048576,0,1.63,19535891878,14.72,14.5,0.03,70.3,2.8757e+09,2.8327e+09,5.8608e+06,820.29,808.03,1.67
2,32,1,6616067,33554432,1048576,0,1.71,19884813921,15.48,14.42,0.04,69.86,3.0782e+09,2.8674e+09,7.9539e+06,884.13,823.59,2.28
2,32,1,33554432,33554432,1048576,0,1.79,19822894352,14.63,14.33,0.04,70.8,2.9001e+09,2.8406e+09,7.9292e+06,903.02,884.51,2.47
2,32,8,10000,33554432,1048576,0,0.233,23119938174,15.38,11.78,0.21,72.17,3.5558e+09,2.7235e+09,4.8552e+07,130.93,100.28,1.79
2,32,8,33460,33554432,1048576,0,0.234,23077628454,15.65,12.14,0.21,71.64,3.6116e+09,2.8016e+09,4.8463e+07,130.79,101.46,1.76
2,32,8,111960,33554432,1048576,0,0.241,23353582105,15.67,12.19,0.13,71.61,3.6595e+09,2.8468e+09,3.0360e+07,134.92,104.96,1.12
2,32,8,374624,33554432,1048576,0,0.248,23229777672,16.57,12.12,0.04,70.85,3.8492e+09,2.8154e+09,9.2919e+06,143.03,104.62,0.35
2,32,8,1253510,33554432,1048576,0,0.291,24038319363,16.87,11.7,0.05,71.0,4.0553e+09,2.8125e+09,1.2019e+07,171.53,118.96,0.51
2,32,8,4194304,33554432,1048576,0,0.295,24527736073,16.83,11.56,0.03,71.21,4.1280e+09,2.8354e+09,7.3583e+06,174.7,119.99,0.31
2,32,all,10000,33554432,1048576,0,0.0671,50726668977,17.34,8.8,1.06,72.24,8.7960e+09,4.4639e+09,5.3770e+08,42.78,21.71,2.61
2,32,all,22076,33554432,1048576,0,0.0693,50644229110,19.04,6.45,0.74,73.11,9.6427e+09,3.2666e+09,3.7477e+08,50.3,17.04,1.96
2,32,all,48734,33554432,1048576,0,0.0761,53065943610,21.69,5.48,0.63,71.54,1.1510e+10,2.9080e+09,3.3432e+08,59.37,15.0,1.72
2,32,all,107583,33554432,1048576,0,0.0859,54600683139,23.48,5.34,0.44,70.04,1.2820e+10,2.9157e+09,2.4024e+08,68.93,15.68,1.29
2,32,all,237496,33554432,1048576,0,0.0915,58189265886,24.07,5.17,0.24,69.8,1.4006e+10,3.0084e+09,1.3965e+08,74.71,16.05,0.74
2,32,all,524288,33554432,1048576,0,0.106,57300224048,26.03,4.93,0.15,68.18,1.4915e+10,2.8249e+09,8.5950e+07,88.69,16.8,0.51
3,0.125,1,10000,26843545,214748360,0,9.91,75194563495,4.3,17.47,13.97,63.88,3.2334e+09,1.3136e+10,1.0505e+10,1192.31,4844.09,3873.61
3,0.125,1,48503,26843545,214748360,0,9.29,72154969871,4.49,19.71,12.26,63.17,3.2398e+09,1.4222e+10,8.8462e+09,1144.05,5022.1,3123.85
3,0.125,1,235253,26843545,214748360,0,7.48,66206789179,4.96,23.28,7.77,63.61,3.2839e+09,1.5413e+10,5.1443e+09,1030.29,4835.72,1613.99
3,0.125,1,1141048,26843545,214748360,0,6.26,61189724803,5.22,24.79,4.01,65.58,3.1941e+09,1.5169e+10,2.4537e+09,960.53,4561.59,737.88
3,0.125,1,5534417,26843545,214748360,0,6.38,62817719701,5.23,24.35,3.13,66.93,3.2854e+09,1.5296e+10,1.9662e+09,1020.1,4749.4,610.5
3,0.125,1,26843545,26843545,214748360,0,6.55,62195395750,5.23,24.13,2.85,67.4,3.2528e+09,1.5008e+10,1.7726e+09,1063.54,4906.91,579.56
3,0.125,8,10000,26843545,214748360,0,3.57,109068551978,3.55,11.74,11.12,73.13,3.8719e+09,1.2805e+10,1.2128e+10,479.88,1586.97,1503.16
3,0.125,8,32000,26843545,214748360,0,3.35,98853258638,4.08,14.41,11.51,69.51,4.0332e+09,1.4245e+10,1.1378e+10,455.6,1609.12,1285.28
3,0.125,8,102400,26843545,214748360,0,2.79,88735168450,4.64,17.65,10.93,66.34,4.1173e+09,1.5662e+10,9.6988e+09,389.69,1482.34,917.96
3,0.125,8,327680,26843545,214748360,0,1.53,78280150240,5.43,19.59,6.44,67.97,4.2506e+09,1.5335e+10,5.0412e+09,264.08,952.72,313.2
3,0.125,8,1048576,26843545,214748360,0,1.14,75557576205,5.69,20.21,3.88,69.68,4.2992e+09,1.5270e+10,2.9316e+09,217.82,773.65,148.53
3,0.125,8,3355443,26843545,214748360,0,1.51,74987245527,5.92,20.26,2.98,70.3,4.4392e+09,1.5192e+10,2.2346e+09,306.56,1049.13,154.31
3,0.125,all,10000,26843545,214748360,0,0.984,278125868821,4.26,8.34,34.98,51.71,1.1848e+10,2.3196e+10,9.7288e+10,88.1,172.48,723.42
3,0.125,all,21112,26843545,214748360,0,0.849,265583168088,4.52,8.62,33.67,52.51,1.2004e+10,2.2893e+10,8.9422e+10,81.98,156.34,610.68
3,0.125,all,44572,26843545,214748360,0,0.835,259535290233,4.99,9.35,32.27,52.66,1.2951e+10,2.4267e+10,8.3752e+10,89.39,167.5,578.1
3,0.125,all,94101,26843545,214748360,0,0.869,256639110897,5.41,8.98,28.41,56.38,1.3884e+10,2.3046e+10,7.2911e+10,109.84,182.33,576.83
3,0.125,all,198668,26843545,214748360,0,0.668,213540888468,7.05,8.83,23.21,60.15,1.5055e+10,1.8856e+10,4.9563e+10,120.48,150.89,396.63
3,0.125,all,419430,26843545,214748360,0,0.599,193508494349,8.04,9.04,16.19,65.9,1.5558e+10,1.7493e+10,3.1329e+10,144.75,162.76,291.49
3,0.25,1,10000,26843545,107374180,0,6.89,53245064257,6.62,22.59,9.75,60.63,3.5248e+09,1.2028e+10,5.1914e+09,1170.73,3995.0,1724.27
3,0.25,1,48503,26843545,107374180,0,6.51,52174805360,6.27,23.43,8.41,61.47,3.2714e+09,1.2225e+10,4.3879e+09,1071.05,4002.34,1436.61
3,0.25,1,235253,26843545,107374180,0,5.45,48415291876,6.84,24.09,5.95,62.8,3.3116e+09,1.1663e+10,2.8807e+09,1010.79,3559.94,879.27
3,0.25,1,1141048,26843545,107374180,0,4.89,46240966544,7.18,25.31,2.89,64.28,3.3201e+09,1.1704e+10,1.3364e+09,992.37,3498.19,399.44
3,0.25,1,5534417,26843545,107374180,0,4.87,45932264367,7.16,25.29,2.18,65.07,3.2888e+09,1.1616e+10,1.0013e+09,1006.91,3556.52,306.57
3,0.25,1,26843545,26843545,107374180,0,5.08,47037168877,6.95,24.73,1.93,66.05,3.2691e+09,1.1632e+10,9.0782e+08,1050.46,3737.83,291.71
3,0.25,8,10000,26843545,107374180,0,1.89,76582917962,5.2,16.0,8.46,69.83,3.9823e+09,1.2253e+10,6.4789e+09,331.36,1019.55,539.09
3,0.25,8,32000,26843545,107374180,0,1.7,75186555663,5.48,17.57,7.89,68.53,4.1202e+09,1.3210e+10,5.9322e+09,301.1,965.38,433.52
3,0.25,8,102400,26843545,107374180,0,1.52,67815941378,6.26,17.96,7.81,67.55,4.2453e+09,1.2180e+10,5.2964e+09,297.07,852.3,370.63
3,0.25,8,327680,26843545,107374180,0,0.922,59922493296,7.29,19.81,5.0,67.32,4.3683e+09,1.1871e+10,2.9961e+09,209.39,569.0,143.61
3,0.25,8,1048576,26843545,107374180,0,0.933,57765659483,7.63,20.61,2.86,68.32,4.4075e+09,1.1906e+10,1.6521e+09,228.9,618.3,85.8
3,0.25,8,3355443,26843545,107374180,0,1.19,56842278736,7.9,20.87,2.05,68.65,4.4905e+09,1.1863e+10,1.1653e+09,305.03,805.82,79.15
3,0.25,all,10000,26843545,107374180,0,0.523,167027721552,6.28,8.13,29.09,55.76,1.0489e+10,1.3579e+10,4.8588e+10,75.5,97.75,349.75
3,0.25,all,21112,26843545,107374180,0,0.504,168524824610,6.7,9.83,27.65,55.08,1.1291e+10,1.6566e+10,4.6597e+10,76.43,112.14,315.43
3,0.25,all,44572,26843545,107374180,0,0.508,170438411695,6.85,9.75,26.13,56.53,1.1675e+10,1.6618e+10,4.4536e+10,81.44,115.91,310.65
3,0.25,all,94101,26843545,107374180,0,0.555,160813491978,8.07,9.27,22.75,59.15,1.2978e+10,1.4907e+10,3.6585e+10,111.72,128.33,314.95
3,0.25,all,198668,26843545,107374180,0,0.479,147125934091,8.54,8.72,20.13,61.84,1.2565e+10,1.2829e+10,2.9616e+10,109.41,111.71,257.88
3,0.25,all,419430,26843545,107374180,0,0.492,134459245639,10.72,9.14,12.61,66.69,1.4414e+10,1.2290e+10,1.6955e+10,162.43,138.49,191.07
3,0.5,1,10000,26843545,53687090,0,6.67,47156786101,6.69,33.84,5.26,53.9,3.1548e+09,1.5958e+10,2.4804e+09,974.5,4929.3,766.2
3,0.5,1,48503,26843545,53687090,0,7.59,49956616120,6.42,40.25,4.09,49.03,3.2072e+09,2.0108e+10,2.0432e+09,959.96,6018.47,611.57
3,0.5,1,235253,26843545,53687090,0,13.5,70902447347,4.71,58.63,2.23,34.04,3.3395e+09,4.1570e+10,1.5811e+09,969.73,12071.15,459.13
3,0.5,1,1141048,26843545,53687090,0,14.7,74962128374,4.41,62.73,0.89,31.75,3.3058e+09,4.7024e+10,6.6716e+08,952.92,13554.77,192.31
3,0.5,1,5534417,26843545,53687090,0,14.7,75172727376,4.36,62.74,0.65,31.98,3.2775e+09,4.7163e+10,4.8862e+08,946.01,13612.96,141.03
3,0.5,1,26843545,26843545,53687090,0,14.9,75584111957,4.31,62.51,0.58,32.24,3.2577e+09,4.7248e+10,4.3839e+08,952.8,13818.98,128.22
3,0.5,8,10000,26843545,53687090,0,1.26,64531984774,6.01,25.0,5.03,63.57,3.8784e+09,1.6133e+10,3.2460e+09,210.12,874.03,175.85
3,0.5,8,32000,26843545,53687090,0,1.18,62046591947,6.55,29.95,4.76,58.31,4.0641e+09,1.8583e+10,2.9534e+09,187.32,856.54,136.13
3,0.5,8,102400,26843545,53687090,0,1.33,65643145339,6.29,40.01,4.05,49.31,4.1290e+09,2.6264e+10,2.6585e+09,166.15,1056.87,106.98
3,0.5,8,327680,26843545,53687090,0,2.07,84771940391,4.94,55.68,1.9,37.13,4.1877e+09,4.7201e+10,1.6107e+09,163.56,1843.53,62.91
3,0.5,8,1048576,26843545,53687090,0,2.39,84375165338,5.2,55.98,1.02,37.5,4.3875e+09,4.7233e+10,8.6063e+08,199.81,2151.0,39.19
3,0.5,8,3355443,26843545,53687090,0,3.35,84250637252,5.4,56.1,0.71,37.42,4.5495e+09,4.7265e+10,5.9818e+08,290.79,3020.98,38.23
3,0.5,all,10000,26843545,53687090,0,0.366,122830922242,6.56,13.4,21.59,57.83,8.0577e+09,1.6459e+10,2.6519e+10,57.78,118.04,190.18
3,0.5,all,21112,26843545,53687090,0,0.34,121295942904,7.4,14.74,18.43,58.77,8.9759e+09,1.7879e+10,2.2355e+10,62.02,123.53,154.45
3,0.5,all,44572,26843545,53687090,0,0.352,120993797418,7.73,17.05,15.8,58.78,9.3528e+09,2.0629e+10,1.9117e+10,67.05,147.9,137.05
3,0.5,all,94101,26843545,53687090,0,0.398,125704972407,6.56,21.96,13.79,57.0,8.2462e+09,2.7605e+10,1.7335e+10,61.71,206.57,129.72
3,0.5,all,198668,26843545,53687090,0,0.499,135197048914,8.36,27.98,9.49,53.42,1.1302e+10,3.7828e+10,1.2830e+10,91.02,304.65,103.33
3,0.5,all,419430,26843545,53687090,0,0.766,143252564535,10.25,32.6,6.58,49.73,1.4683e+10,4.6700e+10,9.4260e+09,158.84,505.19,101.97
3,1,1,10000,26843545,26843545,0,5.63,40104219111,7.81,36.05,3.12,52.54,3.1321e+09,1.4458e+10,1.2513e+09,935.94,4320.17,373.9
3,1,1,48503,26843545,26843545,0,4.71,37331311994,8.55,31.87,2.44,56.89,3.1918e+09,1.1897e+10,9.1088e+08,939.58,3502.28,268.14
3,1,1,235253,26843545,26843545,0,4.62,37254855081,8.69,31.53,2.08,57.28,3.2374e+09,1.1746e+10,7.7490e+08,949.12,3443.7,227.18
3,1,1,1141048,26843545,26843545,0,4.46,36376068542,9.14,32.22,0.96,57.3,3.3248e+09,1.1720e+10,3.4921e+08,963.24,3395.59,101.17
3,1,1,5534417,26843545,26843545,0,4.49,36351257303,8.95,32.41,0.7,57.5,3.2534e+09,1.1781e+10,2.5446e+08,955.43,3459.84,74.73
3,1,1,26843545,26843545,26843545,0,4.63,36982857534,8.89,31.82,0.62,58.15,3.2878e+09,1.1768e+10,2.2929e+08,995.9,3564.64,69.46
3,1,8,10000,26843545,26843545,0,0.915,50776104771,7.79,29.24,3.28,59.36,3.9555e+09,1.4847e+10,1.6655e+09,176.83,663.72,74.45
3,1,8,32000,26843545,26843545,0,0.748,46065324482,8.92,27.58,3.02,60.15,4.1090e+09,1.2705e+10,1.3912e+09,168.83,522.01,57.16
3,1,8,102400,26843545,26843545,0,0.689,44258330340,9.36,27.13,2.98,60.21,4.1426e+09,1.2007e+10,1.3189e+09,163.39,473.59,52.02
3,1,8,327680,26843545,26843545,0,0.709,43882093873,9.76,27.45,2.17,60.22,4.2829e+09,1.2046e+10,9.5224e+08,175.72,494.21,39.07
3,1,8,1048576,26843545,26843545,0,0.763,43255122239,10.19,27.11,1.14,60.95,4.4077e+09,1.1726e+10,4.9311e+08,202.26,538.11,22.63
3,1,8,3355443,26843545,26843545,0,1.07,43366816502,10.35,27.18,0.74,61.21,4.4885e+09,1.1787e+10,3.2091e+08,289.38,759.93,20.69
3,1,all,10000,26843545,26843545,0,0.244,95736714181,6.04,16.05,16.73,60.54,5.7825e+09,1.5366e+10,1.6017e+10,37.96,100.88,105.16
3,1,all,21112,26843545,26843545,0,0.239,93503554272,9.22,14.38,13.19,62.58,8.6210e+09,1.3446e+10,1.2333e+10,59.9,93.42,85.69
3,1,all,44572,26843545,26843545,0,0.301,93063914389,9.63,13.19,11.91,64.49,8.9621e+09,1.2275e+10,1.1084e+10,83.46,114.32,103.22
3,1,all,94101,26843545,26843545,0,0.274,94244237979,10.48,13.77,10.13,64.92,9.8768e+09,1.2977e+10,9.5469e+09,83.52,109.74,80.73
3,1,all,198668,26843545,26843545,0,0.297,94131513672,12.93,13.33,8.59,64.42,1.2171e+10,1.2548e+10,8.0859e+09,110.19,113.6,73.21
3,1,all,419430,26843545,26843545,0,0.322,90289974673,12.57,13.25,5.58,67.74,1.1349e+10,1.1963e+10,5.0382e+09,128.9,135.88,57.22
3,2,1,10000,26843545,13421772,0,4.62,36128313571,8.74,32.59,1.93,56.28,3.1576e+09,1.1774e+10,6.9728e+08,933.4,3480.49,206.12
3,2,1,48503,26843545,13421772,0,4.57,35539487145,8.95,33.94,1.33,55.58,3.1808e+09,1.2062e+10,4.7268e+08,924.95,3507.59,137.45
3,2,1,235253,26843545,13421772,0,4.8,36737239176,9.19,33.1,1.19,56.4,3.3762e+09,1.2160e+10,4.3717e+08,1014.54,3654.09,131.37
3,2,1,1141048,26843545,13421772,0,4.44,35207918310,9.28,33.81,0.56,56.07,3.2673e+09,1.1904e+10,1.9716e+08,943.95,3439.09,56.96
3,2,1,5534417,26843545,13421772,0,4.48,35608874444,9.36,33.54,0.38,56.39,3.3330e+09,1.1943e+10,1.3531e+08,968.87,3471.79,39.33
3,2,1,26843545,26843545,13421772,0,4.58,35436954258,9.27,33.61,0.34,56.5,3.2850e+09,1.1910e+10,1.2049e+08,982.34,3561.63,36.03
3,2,8,10000,26843545,13421772,0,0.688,42103354446,9.44,27.87,2.29,60.05,3.9746e+09,1.1734e+10,9.6417e+08,164.01,484.21,39.79
3,2,8,32000,26843545,13421772,0,0.679,42148811422,9.35,31.37,1.71,57.29,3.9409e+09,1.3222e+10,7.2074e+08,149.63,502.01,27.36
3,2,8,102400,26843545,13421772,0,0.622,40874560876,9.99,28.55,1.62,59.44,4.0834e+09,1.1670e+10,6.6217e+08,154.73,442.18,25.09
3,2,8,327680,26843545,13421772,0,0.664,41114939980,10.49,28.95,1.24,58.8,4.3130e+09,1.1903e+10,5.0983e+08,171.22,472.54,20.24
3,2,8,1048576,26843545,13421772,0,0.753,40980222117,10.96,29.18,0.65,58.86,4.4914e+09,1.1958e+10,2.6637e+08,202.33,538.67,12.0
3,2,8,3355443,26843545,13421772,0,1.07,40973655349,10.76,28.97,0.42,59.42,4.4088e+09,1.1870e+10,1.7209e+08,286.75,772.05,11.19
3,2,all,10000,26843545,13421772,0,0.192,86492218671,6.47,16.83,12.01,64.07,5.5960e+09,1.4557e+10,1.0388e+10,35.18,91.51,65.31
3,2,all,21112,26843545,13421772,0,0.189,78863092060,7.9,16.3,8.82,66.39,6.2302e+09,1.2855e+10,6.9557e+09,45.22,93.3,50.48
3,2,all,44572,26843545,13421772,0,0.225,78281012886,9.26,14.97,7.69,67.38,7.2488e+09,1.1719e+10,6.0198e+09,65.27,105.52,54.21
3,2,all,94101,26843545,13421772,0,0.216,78912739739,10.79,15.01,6.44,66.95,8.5147e+09,1.1845e+10,5.0820e+09,72.29,100.56,43.15
3,2,all,198668,26843545,13421772,0,0.238,81375482096,13.64,14.8,5.8,65.04,1.1100e+10,1.2044e+10,4.7198e+09,94.81,102.87,40.32
3,2,all,419430,26843545,13421772,0,0.284,80834615090,17.8,14.31,3.2,63.91,1.4389e+10,1.1567e+10,2.5867e+09,143.17,115.1,25.74
3,4,1,10000,26843545,6710886,0,5.04,36548290631,8.69,37.61,1.06,52.48,3.1760e+09,1.3746e+10,3.8741e+08,924.78,4002.42,112.8
3,4,1,48503,26843545,6710886,0,5.04,36634570655,8.53,38.55,0.71,52.03,3.1249e+09,1.4123e+10,2.6011e+08,899.59,4065.54,74.88
3,4,1,235253,26843545,6710886,0,4.38,34415486457,9.35,34.3,0.64,55.51,3.2178e+09,1.1805e+10,2.2026e+08,924.66,3392.05,63.29
3,4,1,1141048,26843545,6710886,0,4.27,33766487786,9.7,33.75,0.33,56.02,3.2753e+09,1.1396e+10,1.1143e+08,946.07,3291.74,32.19
3,4,1,5534417,26843545,6710886,0,4.3,33922806705,9.8,33.91,0.19,56.02,3.3244e+09,1.1503e+10,6.4453e+07,959.91,3321.48,18.61
3,4,1,26843545,26843545,6710886,0,4.42,34470976856,9.54,33.37,0.17,56.87,3.2885e+09,1.1503e+10,5.8601e+07,978.8,3423.76,17.44
3,4,8,10000,26843545,6710886,0,0.688,41642854904,9.44,32.87,1.38,56.04,3.9311e+09,1.3688e+10,5.7467e+08,148.65,517.61,21.73
3,4,8,32000,26843545,6710886,0,0.631,39974324356,9.64,31.54,0.99,57.32,3.8535e+09,1.2608e+10,3.9575e+08,144.25,471.94,14.81
3,4,8,102400,26843545,6710886,0,0.607,39476073130,10.33,29.84,0.85,58.56,4.0779e+09,1.1780e+10,3.3555e+08,152.86,441.56,12.58
3,4,8,327680,26843545,6710886,0,0.629,39338008475,10.83,29.76,0.7,58.18,4.2603e+09,1.1707e+10,2.7537e+08,164.98,453.36,10.66
3,4,8,1048576,26843545,6710886,0,0.718,39826207764,11.3,29.41,0.37,58.48,4.5004e+09,1.1713e+10,1.4736e+08,197.5,514.03,6.47
3,4,8,3355443,26843545,6710886,0,1.02,39679220796,11.26,29.07,0.23,58.88,4.4679e+09,1.1535e+10,9.1262e+07,283.17,731.05,5.78
3,4,all,10000,26843545,6710886,0,0.175,72069008686,5.78,20.35,9.33,63.92,4.1656e+09,1.4666e+10,6.7240e+09,28.53,100.43,46.04
3,4,all,21112,26843545,6710886,0,0.171,69245159572,7.5,18.98,6.63,66.24,5.1934e+09,1.3143e+10,4.5910e+09,38.73,98.02,34.24
3,4,all,44572,26843545,6710886,0,0.193,71528018945,8.31,20.05,4.25,66.59,5.9440e+09,1.4341e+10,3.0399e+09,49.18,118.66,25.15
3,4,all,94101,26843545,6710886,0,0.199,70527524577,10.0,18.16,3.78,67.25,7.0528e+09,1.2808e+10,2.6659e+09,62.3,113.14,23.55
3,4,all,198668,26843545,6710886,0,0.231,71715312687,14.07,15.46,3.16,66.61,1.0090e+10,1.1087e+10,2.2662e+09,99.42,109.25,22.33
3,4,all,419430,26843545,6710886,0,0.264,76379489267,18.15,15.26,2.01,63.79,1.3863e+10,1.1656e+10,1.5352e+09,135.28,113.74,14.98
3,8,1,10000,26843545,3355443,0,4.37,34376368489,8.99,34.16,0.55,56.16,3.0904e+09,1.1743e+10,1.8907e+08,899.0,3416.0,55.0
3,8,1,48503,26843545,3355443,0,4.4,34233555901,9.08,35.2,0.43,55.1,3.1084e+09,1.2050e+10,1.4720e+08,893.58,3464.1,42.32
3,8,1,235253,26843545,3355443,0,4.33,34058264191,9.51,34.52,0.35,55.49,3.2389e+09,1.1757e+10,1.1920e+08,927.86,3367.99,34.15
3,8,1,1141048,26843545,3355443,0,4.19,33516051372,9.72,33.39,0.19,56.46,3.2578e+09,1.1191e+10,6.3680e+07,940.57,3231.04,18.39
3,8,1,5534417,26843545,3355443,0,4.23,34056228363,9.8,33.19,0.1,56.71,3.3375e+09,1.1303e+10,3.4056e+07,962.03,3258.15,9.82
3,8,1,26843545,26843545,3355443,0,4.32,33806286932,9.41,32.99,0.09,57.32,3.1812e+09,1.1153e+10,3.0426e+07,956.72,3354.13,9.15
3,8,8,10000,26843545,3355443,0,0.595,38682538157,10.0,30.54,1.02,58.06,3.8683e+09,1.1814e+10,3.9456e+08,143.17,437.23,14.6
3,8,8,32000,26843545,3355443,0,0.585,38476890610,10.04,30.8,0.62,58.17,3.8631e+09,1.1851e+10,2.3856e+08,141.66,434.59,8.75
3,8,8,102400,26843545,3355443,0,0.593,38889623189,10.44,30.39,0.45,58.38,4.0601e+09,1.1819e+10,1.7500e+08,149.97,436.56,6.46
3,8,8,327680,26843545,3355443,0,0.642,39459516890,10.81,31.23,0.37,57.19,4.2656e+09,1.2323e+10,1.4600e+08,163.64,472.76,5.6
3,8,8,1048576,26843545,3355443,0,0.7,38740248393,11.65,28.41,0.19,59.07,4.5132e+09,1.1006e+10,7.3606e+07,202.61,494.09,3.3
3,8,8,3355443,26843545,3355443,0,1.0,39004474060,11.43,29.13,0.13,58.93,4.4582e+09,1.1362e+10,5.0706e+07,280.9,715.9,3.19
3,8,all,10000,26843545,3355443,0,0.147,65706591392,6.56,20.11,5.49,67.32,4.3104e+09,1.3214e+10,3.6073e+09,29.99,91.92,25.09
3,8,all,21112,26843545,3355443,0,0.146,63919003102,7.43,19.46,3.84,68.61,4.7492e+09,1.2439e+10,2.4545e+09,35.3,92.46,18.24
3,8,all,44572,26843545,3355443,0,0.173,65070480942,10.24,17.32,2.81,68.93,6.6632e+09,1.1270e+10,1.8285e+09,58.33,98.66,16.01
3,8,all,94101,26843545,3355443,0,0.181,66717158564,11.89,17.88,2.28,67.24,7.9327e+09,1.1929e+10,1.5212e+09,67.15,100.98,12.88
3,8,all,198668,26843545,3355443,0,0.232,71836154460,13.49,17.26,1.77,66.6,9.6907e+09,1.2399e+10,1.2715e+09,96.24,123.13,12.63
3,8,all,419430,26843545,3355443,0,0.252,72132830739,20.19,15.54,1.14,62.37,1.4564e+10,1.1209e+10,8.2231e+08,138.0,106.21,7.79
3,16,1,10000,26843545,1677721,0,4.59,34910499215,8.7,36.58,0.35,54.12,3.0372e+09,1.2770e+10,1.2219e+08,875.15,3679.64,35.21
3,16,1,48503,26843545,1677721,0,5.38,37755055712,8.24,41.34,0.24,49.98,3.1110e+09,1.5608e+10,9.0612e+07,889.83,4464.26,25.92
3,16,1,235253,26843545,1677721,0,6.11,40528901851,7.65,45.36,0.15,46.54,3.1005e+09,1.8384e+10,6.0793e+07,879.26,5213.5,17.24
3,16,1,1141048,26843545,1677721,0,8.12,47252357891,6.51,55.21,0.06,37.95,3.0761e+09,2.6088e+10,2.8351e+07,855.64,7256.48,7.89
3,16,1,5534417,26843545,1677721,0,8.21,47491608248,6.34,55.67,0.03,37.74,3.0110e+09,2.6439e+10,1.4247e+07,839.0,7367.03,3.97
3,16,1,26843545,26843545,1677721,0,8.34,48114800293,6.46,54.84,0.03,38.32,3.1082e+09,2.6386e+10,1.4434e+07,878.47,7457.45,4.08
3,16,8,10000,26843545,1677721,0,0.612,39428016650,9.4,32.46,0.73,56.99,3.7062e+09,1.2798e+10,2.8782e+08,135.07,466.44,10.49
3,16,8,32000,26843545,1677721,0,0.699,41732082212,9.26,36.68,0.34,53.43,3.8644e+09,1.5307e+10,1.4189e+08,139.86,554.0,5.14
3,16,8,102400,26843545,1677721,0,0.751,42996059737,9.13,38.5,0.23,51.86,3.9255e+09,1.6553e+10,9.8891e+07,143.26,604.13,3.61
3,16,8,327680,26843545,1677721,0,0.872,45830072363,8.92,41.51,0.17,49.0,4.0880e+09,1.9024e+10,7.7911e+07,153.72,715.35,2.93
3,16,8,1048576,26843545,1677721,0,1.41,54916411642,8.03,50.28,0.08,41.2,4.4098e+09,2.7612e+10,4.3933e+07,193.91,1214.16,1.93
3,16,8,3355443,26843545,1677721,0,1.91,54059178812,8.3,48.6,0.05,42.73,4.4869e+09,2.6273e+10,2.7030e+07,278.37,1629.96,1.68
3,16,all,10000,26843545,1677721,0,0.117,62061352053,7.3,22.12,3.34,66.8,4.5305e+09,1.3728e+10,2.0728e+09,26.07,79.0,11.93
3,16,all,21112,26843545,1677721,0,0.124,63754356804,7.85,23.01,2.49,66.15,5.0047e+09,1.4670e+10,1.5875e+09,29.19,85.55,9.26
3,16,all,44572,26843545,1677721,0,0.147,69316423731,12.35,22.63,1.44,62.96,8.5606e+09,1.5686e+10,9.9816e+08,49.85,91.34,5.81
3,16,all,94101,26843545,1677721,0,0.169,71705927987,14.3,22.86,1.05,61.07,1.0254e+10,1.6392e+10,7.5291e+08,63.25,101.11,4.64
3,16,all,198668,26843545,1677721,0,0.212,75183549394,16.27,23.87,0.79,58.4,1.2232e+10,1.7946e+10,5.9395e+08,84.27,123.64,4.09
3,16,all,419430,26843545,1677721,0,0.25,83661365216,18.81,25.78,0.56,54.23,1.5737e+10,2.1568e+10,4.6850e+08,104.15,142.75,3.1
3,32,1,10000,26843545,838860,0,4.38,35101136484,8.66,34.34,0.19,56.58,3.0398e+09,1.2054e+10,6.6692e+07,878.23,3482.5,19.27
3,32,1,48503,26843545,838860,0,4.71,35988992533,8.52,36.95,0.13,54.09,3.0663e+09,1.3298e+10,4.6786e+07,880.03,3816.55,13.43
3,32,1,235253,26843545,838860,0,4.38,34786926851,8.89,34.98,0.11,55.92,3.0926e+09,1.2168e+10,3.8266e+07,885.36,3483.68,10.95
3,32,1,1141048,26843545,838860,0,4.27,35329594790,8.84,33.45,0.06,57.53,3.1231e+09,1.1818e+10,2.1198e+07,891.31,3372.64,6.05
3,32,1,5534417,26843545,838860,0,4.35,35044090694,9.47,33.59,0.03,56.69,3.3187e+09,1.1771e+10,1.0513e+07,956.01,3390.96,3.03
3,32,1,26843545,26843545,838860,0,4.47,35191518116,9.3,33.51,0.02,56.84,3.2728e+09,1.1793e+10,7.0383e+06,970.6,3497.31,2.09
3,32,8,10000,26843545,838860,0,0.58,38685611193,9.75,31.14,0.49,58.3,3.7718e+09,1.2047e+10,1.8956e+08,136.66,436.47,6.87
3,32,8,32000,26843545,838860,0,0.615,39951608250,9.28,32.83,0.25,57.35,3.7075e+09,1.3116e+10,9.9879e+07,134.73,476.64,3.63
3,32,8,102400,26843545,838860,0,0.596,39271193618,10.23,31.22,0.13,58.01,4.0174e+09,1.2260e+10,5.1053e+07,146.63,447.5,1.86
3,32,8,327680,26843545,838860,0,0.63,39500190495,10.68,31.23,0.09,57.55,4.2186e+09,1.2336e+10,3.5550e+07,160.2,468.45,1.35
3,32,8,1048576,26843545,838860,0,0.711,39460052678,11.31,30.16,0.06,57.92,4.4629e+09,1.1901e+10,2.3676e+07,193.63,516.34,1.03
3,32,8,3355443,26843545,838860,0,1.03,39687551963,11.03,29.32,0.03,59.0,4.3775e+09,1.1636e+10,1.1906e+07,281.35,747.89,0.77
3,32,all,10000,26843545,838860,0,0.113,59759903614,7.62,20.2,2.11,69.48,4.5537e+09,1.2072e+10,1.2609e+09,28.77,76.26,7.97
3,32,all,21112,26843545,838860,0,0.112,64841391130,8.77,21.28,1.47,67.92,5.6866e+09,1.3798e+10,9.5317e+08,31.16,75.61,5.22
3,32,all,44572,26843545,838860,0,0.131,70647652313,14.33,20.2,1.08,63.83,1.0124e+10,1.4271e+10,7.6299e+08,52.72,74.31,3.97
3,32,all,94101,26843545,838860,0,0.137,67484339751,16.77,17.95,0.65,63.89,1.1317e+10,1.2113e+10,4.3865e+08,64.96,69.53,2.52
3,32,all,198668,26843545,838860,0,0.169,70118246162,19.23,17.34,0.5,62.15,1.3484e+10,1.2159e+10,3.5059e+08,87.67,79.05,2.28
3,32,all,419430,26843545,838860,0,0.212,71991549157,21.29,16.71,0.35,60.81,1.5327e+10,1.2030e+10,2.5197e+08,117.69,92.37,1.93
