configuration,prec,dim,size,density,tol,upsampfac,complexity,cpu_time_ns,real_time_ns,time_unit
16000x1x1-precf-thread1-M1e+07,f,1,16000,625.0,0.01,1.25,80000000.0,154742116.25,155199245.87351853,ns
16000x1x1-precf-thread1-M1e+07,f,1,16000,625.0,0.01,1.3,80000000.0,165326674.0,165809743.25006536,ns
16000x1x1-precf-thread1-M1e+07,f,1,16000,625.0,0.01,1.35,80000000.0,165856726.75000006,166343635.87581903,ns
16000x1x1-precf-thread1-M1e+07,f,1,16000,625.0,0.01,1.4,80000000.0,165355058.74999988,165830951.6242298,ns
16000x1x1-precf-thread1-M1e+07,f,1,16000,625.0,0.01,1.45,80000000.0,165584569.375,166052973.99837583,ns
16000x1x1-precf-thread1-M1e+07,f,1,16000,625.0,0.01,1.5,80000000.0,166132676.49999997,166610928.6252322,ns
16000x1x1-precf-thread1-M1e+07,f,1,16000,625.0,0.01,1.55,80000000.0,165067343.99999988,165536221.0003659,ns
16000x1x1-precf-thread1-M1e+07,f,1,16000,625.0,0.01,1.6,80000000.0,165126903.50000003,165611640.99948657,ns
16000x1x1-precf-thread1-M1e+07,f,1,16000,625.0,0.01,1.65,80000000.0,164913247.3749999,165399378.12558493,ns
16000x1x1-precf-thread1-M1e+07,f,1,16000,625.0,0.01,1.7,80000000.0,165027076.12499988,165509085.99856484,ns
16000x1x1-precf-thread1-M1e+07,f,1,16000,625.0,0.01,1.75,80000000.0,165135626.62500015,165616709.62619245,ns
16000x1x1-precf-thread1-M1e+07,f,1,16000,625.0,0.01,1.8,80000000.0,165544856.24999994,166014161.62484384,ns
16000x1x1-precf-thread1-M1e+07,f,1,16000,625.0,0.01,1.85,80000000.0,166010134.125,166487419.75041047,ns
16000x1x1-precf-thread1-M1e+07,f,1,16000,625.0,0.01,1.9,80000000.0,165745051.50000006,166219711.8748736,ns
16000x1x1-precf-thread1-M1e+07,f,1,16000,625.0,0.01,1.9500000000000002,80000000.0,165518105.25000033,165988772.37629494,ns
16000x1x1-precf-thread1-M1e+07,f,1,16000,625.0,0.01,2.0,80000000.0,165259688.74999997,165723853.37531158,ns
16000x1x1-precf-thread1-M1e+07,f,1,16000,625.0,0.001,1.25,160000000.0,176638830.00000003,177109933.62561566,ns
16000x1x1-precf-thread1-M1e+07,f,1,16000,625.0,0.001,1.3,160000000.0,172010654.75,172478170.37423375,ns
16000x1x1-precf-thread1-M1e+07,f,1,16000,625.0,0.001,1.35,160000000.0,172429955.74999985,172877422.99959064,ns
16000x1x1-precf-thread1-M1e+07,f,1,16000,625.0,0.001,1.4,160000000.0,171385159.625,171844256.99997517,ns
16000x1x1-precf-thread1-M1e+07,f,1,16000,625.0,0.001,1.45,80000000.0,153595561.37499997,154022027.62379602,ns
16000x1x1-precf-thread1-M1e+07,f,1,16000,625.0,0.001,1.5,80000000.0,153445669.12500012,153860355.12347007,ns
16000x1x1-precf-thread1-M1e+07,f,1,16000,625.0,0.001,1.55,80000000.0,153452410.12499988,153871034.3738785,ns
16000x1x1-precf-thread1-M1e+07,f,1,16000,625.0,0.001,1.6,80000000.0,153631248.37499997,154049962.749923,ns
16000x1x1-precf-thread1-M1e+07,f,1,16000,625.0,0.001,1.65,80000000.0,152898825.2500001,153329625.62388274,ns
16000x1x1-precf-thread1-M1e+07,f,1,16000,625.0,0.001,1.7,80000000.0,153541999.87499982,153959518.7514351,ns
16000x1x1-precf-thread1-M1e+07,f,1,16000,625.0,0.001,1.75,80000000.0,152959787.62499994,153413644.62619823,ns
16000x1x1-precf-thread1-M1e+07,f,1,16000,625.0,0.001,1.8,80000000.0,152519291.87500003,152950671.9998608,ns
16000x1x1-precf-thread1-M1e+07,f,1,16000,625.0,0.001,1.85,80000000.0,152766574.49999976,153187981.00088316,ns
16000x1x1-precf-thread1-M1e+07,f,1,16000,625.0,0.001,1.9,80000000.0,153643232.37500033,154070644.87590104,ns
16000x1x1-precf-thread1-M1e+07,f,1,16000,625.0,0.001,1.9500000000000002,80000000.0,153366366.50000024,153783445.7503777,ns
16000x1x1-precf-thread1-M1e+07,f,1,16000,625.0,0.001,2.0,80000000.0,153259404.0000004,153692045.50006545,ns
16000x1x1-precf-thread1-M1e+07,f,1,16000,625.0,0.0001,1.25,160000000.0,172029413.5,172487128.62419778,ns
16000x1x1-precf-thread1-M1e+07,f,1,16000,625.0,0.0001,1.3,160000000.0,171959801.62500003,172523952.74954325,ns
16000x1x1-precf-thread1-M1e+07,f,1,16000,625.0,0.0001,1.35,160000000.0,171822629.75000006,172303835.8741178,ns
16000x1x1-precf-thread1-M1e+07,f,1,16000,625.0,0.0001,1.4,160000000.0,171747207.99999997,172213511.9998711,ns
16000x1x1-precf-thread1-M1e+07,f,1,16000,625.0,0.0001,1.45,160000000.0,171894464.375,172360415.25029576,ns
16000x1x1-precf-thread1-M1e+07,f,1,16000,625.0,0.0001,1.5,160000000.0,171808534.24999997,172280997.4999109,ns
16000x1x1-precf-thread1-M1e+07,f,1,16000,625.0,0.0001,1.55,160000000.0,171503348.00000012,171975958.12649524,ns
16000x1x1-precf-thread1-M1e+07,f,1,16000,625.0,0.0001,1.6,160000000.0,173142701.625,173621412.25021333,ns
16000x1x1-precf-thread1-M1e+07,f,1,16000,625.0,0.0001,1.65,160000000.0,172991584.50000006,173451557.62450305,ns
16000x1x1-precf-thread1-M1e+07,f,1,16000,625.0,0.0001,1.7,160000000.0,172760724.87499982,173275105.6260895,ns
16000x1x1-precf-thread1-M1e+07,f,1,16000,625.0,0.0001,1.75,160000000.0,173009320.99999988,173475485.37327385,ns
16000x1x1-precf-thread1-M1e+07,f,1,16000,625.0,0.0001,1.8,160000000.0,173820411.37499994,174284099.2501442,ns
16000x1x1-precf-thread1-M1e+07,f,1,16000,625.0,0.0001,1.85,160000000.0,173948460.50000012,174417506.62510458,ns
16000x1x1-precf-thread1-M1e+07,f,1,16000,625.0,0.0001,1.9,160000000.0,173637648.62499976,174111801.2505467,ns
16000x1x1-precf-thread1-M1e+07,f,1,16000,625.0,0.0001,1.9500000000000002,160000000.0,171870323.3750003,172330793.62631541,ns
16000x1x1-precf-thread1-M1e+07,f,1,16000,625.0,0.0001,2.0,160000000.0,173086945.50000015,173547794.62402803,ns
16000x1x1-precf-thread1-M1e+07,f,1,16000,625.0,1e-05,1.25,160000000.0,174848243.62499994,175327481.25086072,ns
16000x1x1-precf-thread1-M1e+07,f,1,16000,625.0,1e-05,1.3,160000000.0,175382448.37500006,175856380.1249693,ns
16000x1x1-precf-thread1-M1e+07,f,1,16000,625.0,1e-05,1.35,160000000.0,175612749.62499994,176088203.37591168,ns
16000x1x1-precf-thread1-M1e+07,f,1,16000,625.0,1e-05,1.4,160000000.0,173804359.8750001,174294333.3738367,ns
16000x1x1-precf-thread1-M1e+07,f,1,16000,625.0,1e-05,1.45,160000000.0,174756008.87499997,175239394.87546158,ns
16000x1x1-precf-thread1-M1e+07,f,1,16000,625.0,1e-05,1.5,160000000.0,174225480.87499988,174697250.74988672,ns
16000x1x1-precf-thread1-M1e+07,f,1,16000,625.0,1e-05,1.55,160000000.0,182145404.25000015,182646149.75123549,ns
16000x1x1-precf-thread1-M1e+07,f,1,16000,625.0,1e-05,1.6,160000000.0,174750096.37499973,175220970.49914008,ns
16000x1x1-precf-thread1-M1e+07,f,1,16000,625.0,1e-05,1.65,160000000.0,171512477.37499985,171971480.74956203,ns
16000x1x1-precf-thread1-M1e+07,f,1,16000,625.0,1e-05,1.7,160000000.0,171935829.74999976,172396843.8745942,ns
16000x1x1-precf-thread1-M1e+07,f,1,16000,625.0,1e-05,1.75,160000000.0,171698762.99999976,172163958.99959025,ns
16000x1x1-precf-thread1-M1e+07,f,1,16000,625.0,1e-05,1.8,160000000.0,184603577.1250003,185118321.75136077,ns
16000x1x1-precf-thread1-M1e+07,f,1,16000,625.0,1e-05,1.85,160000000.0,171856883.37500027,172333419.8741213,ns
16000x1x1-precf-thread1-M1e+07,f,1,16000,625.0,1e-05,1.9,160000000.0,171715375.25000024,172193764.37606114,ns
16000x1x1-precf-thread1-M1e+07,f,1,16000,625.0,1e-05,1.9500000000000002,160000000.0,180246937.6250002,180730848.12567687,ns
16000x1x1-precf-thread1-M1e+07,f,1,16000,625.0,1e-05,2.0,160000000.0,171706149.12499982,172175096.87543496,ns
16000x1x1-precd-thread1-M1e+07,d,1,16000,625.0,0.001,1.25,160000000.0,187677937.00000012,188187109.37557626,ns
16000x1x1-precd-thread1-M1e+07,d,1,16000,625.0,0.001,1.3,160000000.0,187661431.99999985,188159499.87401837,ns
16000x1x1-precd-thread1-M1e+07,d,1,16000,625.0,0.001,1.35,160000000.0,187856400.74999988,188377267.8738751,ns
16000x1x1-precd-thread1-M1e+07,d,1,16000,625.0,0.001,1.4,160000000.0,187821825.74999994,188335239.25059125,ns
16000x1x1-precd-thread1-M1e+07,d,1,16000,625.0,0.001,1.45,80000000.0,173425678.1250001,173889588.5009697,ns
16000x1x1-precd-thread1-M1e+07,d,1,16000,625.0,0.001,1.5,80000000.0,173017417.49999967,173474076.50049716,ns
16000x1x1-precd-thread1-M1e+07,d,1,16000,625.0,0.001,1.55,80000000.0,173353086.99999973,173809207.25008765,ns
16000x1x1-precd-thread1-M1e+07,d,1,16000,625.0,0.001,1.6,80000000.0,173356428.24999997,173802975.8744233,ns
16000x1x1-precd-thread1-M1e+07,d,1,16000,625.0,0.001,1.65,80000000.0,173094305.62499982,173549256.87504873,ns
16000x1x1-precd-thread1-M1e+07,d,1,16000,625.0,0.001,1.7,80000000.0,172885163.50000015,173362303.12503177,ns
16000x1x1-precd-thread1-M1e+07,d,1,16000,625.0,0.001,1.75,80000000.0,171929238.49999976,172371906.12468112,ns
16000x1x1-precd-thread1-M1e+07,d,1,16000,625.0,0.001,1.8,80000000.0,172026745.37500018,172480490.50067493,ns
16000x1x1-precd-thread1-M1e+07,d,1,16000,625.0,0.001,1.85,80000000.0,171883928.62500024,172328654.87494564,ns
16000x1x1-precd-thread1-M1e+07,d,1,16000,625.0,0.001,1.9,80000000.0,173098384.87499985,173585551.12514296,ns
16000x1x1-precd-thread1-M1e+07,d,1,16000,625.0,0.001,1.9500000000000002,80000000.0,174052711.4999999,174505445.25127044,ns
16000x1x1-precd-thread1-M1e+07,d,1,16000,625.0,0.001,2.0,80000000.0,173078801.87499958,173547921.87506974,ns
16000x1x1-precd-thread1-M1e+07,d,1,16000,625.0,1e-06,1.25,240000000.0,204899974.24999994,205424902.3749435,ns
16000x1x1-precd-thread1-M1e+07,d,1,16000,625.0,1e-06,1.3,240000000.0,231520753.24999988,232112495.62518787,ns
16000x1x1-precd-thread1-M1e+07,d,1,16000,625.0,1e-06,1.35,240000000.0,214780203.2499999,215340779.75047693,ns
16000x1x1-precd-thread1-M1e+07,d,1,16000,625.0,1e-06,1.4,240000000.0,214279211.6250001,214825645.62575135,ns
16000x1x1-precd-thread1-M1e+07,d,1,16000,625.0,1e-06,1.45,160000000.0,195560873.24999982,196079889.6234337,ns
16000x1x1-precd-thread1-M1e+07,d,1,16000,625.0,1e-06,1.5,160000000.0,195810363.0000001,196292958.74983653,ns
16000x1x1-precd-thread1-M1e+07,d,1,16000,625.0,1e-06,1.55,160000000.0,195878191.49999985,196372772.87620237,ns
16000x1x1-precd-thread1-M1e+07,d,1,16000,625.0,1e-06,1.6,160000000.0,196001140.74999997,196502882.49977165,ns
16000x1x1-precd-thread1-M1e+07,d,1,16000,625.0,1e-06,1.65,160000000.0,195928505.24999994,196434023.75004372,ns
16000x1x1-precd-thread1-M1e+07,d,1,16000,625.0,1e-06,1.7,160000000.0,195640088.50000024,196147943.37576315,ns
16000x1x1-precd-thread1-M1e+07,d,1,16000,625.0,1e-06,1.75,160000000.0,197108499.00000006,197619950.873559,ns
16000x1x1-precd-thread1-M1e+07,d,1,16000,625.0,1e-06,1.8,160000000.0,197192891.75000033,197701133.25103012,ns
16000x1x1-precd-thread1-M1e+07,d,1,16000,625.0,1e-06,1.85,160000000.0,197154655.1250003,197678740.62381452,ns
16000x1x1-precd-thread1-M1e+07,d,1,16000,625.0,1e-06,1.9,160000000.0,197202203.62499985,197713391.87536797,ns
16000x1x1-precd-thread1-M1e+07,d,1,16000,625.0,1e-06,1.9500000000000002,160000000.0,196823910.12500045,197355671.12547868,ns
16000x1x1-precd-thread1-M1e+07,d,1,16000,625.0,1e-06,2.0,160000000.0,197177683.3750001,197716221.62443236,ns
16000x1x1-precd-thread1-M1e+07,d,1,16000,625.0,1e-08,1.25,320000000.0,230993614.5,231630496.24963605,ns
16000x1x1-precd-thread1-M1e+07,d,1,16000,625.0,1e-08,1.3,320000000.0,230963577.6250001,231592491.5001233,ns
16000x1x1-precd-thread1-M1e+07,d,1,16000,625.0,1e-08,1.35,240000000.0,215985911.75000003,216557172.87467268,ns
16000x1x1-precd-thread1-M1e+07,d,1,16000,625.0,1e-08,1.4,240000000.0,216048791.75000003,216613564.8749332,ns
16000x1x1-precd-thread1-M1e+07,d,1,16000,625.0,1e-08,1.45,240000000.0,215928919.87500006,216507996.87449762,ns
16000x1x1-precd-thread1-M1e+07,d,1,16000,625.0,1e-08,1.5,240000000.0,216656024.3750002,217226318.5002521,ns
16000x1x1-precd-thread1-M1e+07,d,1,16000,625.0,1e-08,1.55,240000000.0,216253043.00000003,216820176.87453482,ns
16000x1x1-precd-thread1-M1e+07,d,1,16000,625.0,1e-08,1.6,240000000.0,217066940.6250001,217664914.87505847,ns
16000x1x1-precd-thread1-M1e+07,d,1,16000,625.0,1e-08,1.65,240000000.0,216314259.62499985,216893117.87486076,ns
16000x1x1-precd-thread1-M1e+07,d,1,16000,625.0,1e-08,1.7,240000000.0,215863958.62499997,216429305.2501307,ns
16000x1x1-precd-thread1-M1e+07,d,1,16000,625.0,1e-08,1.75,240000000.0,216146740.75000018,216709781.37444764,ns
16000x1x1-precd-thread1-M1e+07,d,1,16000,625.0,1e-08,1.8,240000000.0,216303811.5,216862269.9991829,ns
16000x1x1-precd-thread1-M1e+07,d,1,16000,625.0,1e-08,1.85,240000000.0,216090650.99999958,216679550.749177,ns
16000x1x1-precd-thread1-M1e+07,d,1,16000,625.0,1e-08,1.9,240000000.0,216025431.12499982,216607383.12493777,ns
16000x1x1-precd-thread1-M1e+07,d,1,16000,625.0,1e-08,1.9500000000000002,240000000.0,216473447.00000027,217027013.12460703,ns
16000x1x1-precd-thread1-M1e+07,d,1,16000,625.0,1e-08,2.0,240000000.0,216170269.12499958,216747551.12508136,ns
16000x1x1-precd-thread1-M1e+07,d,1,16000,625.0,1e-10,1.25,340000000.0,243284855.87500003,243919141.12493396,ns
16000x1x1-precd-thread1-M1e+07,d,1,16000,625.0,1e-10,1.3,320000000.0,242628470.0000001,243227869.625116,ns
16000x1x1-precd-thread1-M1e+07,d,1,16000,625.0,1e-10,1.35,320000000.0,242121219.24999997,242756616.62431958,ns
16000x1x1-precd-thread1-M1e+07,d,1,16000,625.0,1e-10,1.4,320000000.0,238420937.87499997,239034917.5002484,ns
16000x1x1-precd-thread1-M1e+07,d,1,16000,625.0,1e-10,1.45,320000000.0,238061708.25000006,238670564.12564126,ns
16000x1x1-precd-thread1-M1e+07,d,1,16000,625.0,1e-10,1.5,320000000.0,236487454.7500002,237100933.50018725,ns
16000x1x1-precd-thread1-M1e+07,d,1,16000,625.0,1e-10,1.55,320000000.0,237131304.37500006,237729739.87433943,ns
16000x1x1-precd-thread1-M1e+07,d,1,16000,625.0,1e-10,1.6,320000000.0,250645516.1250001,251294657.24967304,ns
16000x1x1-precd-thread1-M1e+07,d,1,16000,625.0,1e-10,1.65,240000000.0,234947902.7500001,235538116.5016297,ns
16000x1x1-precd-thread1-M1e+07,d,1,16000,625.0,1e-10,1.7,240000000.0,234184194.75000006,234774255.62487042,ns
16000x1x1-precd-thread1-M1e+07,d,1,16000,625.0,1e-10,1.75,240000000.0,234643156.6249998,235242620.24875498,ns
16000x1x1-precd-thread1-M1e+07,d,1,16000,625.0,1e-10,1.8,240000000.0,216474680.25000015,217041012.12526438,ns
16000x1x1-precd-thread1-M1e+07,d,1,16000,625.0,1e-10,1.85,240000000.0,216712212.25000003,217269329.1249743,ns
16000x1x1-precd-thread1-M1e+07,d,1,16000,625.0,1e-10,1.9,240000000.0,215255399.75000018,215812144.75008893,ns
16000x1x1-precd-thread1-M1e+07,d,1,16000,625.0,1e-10,1.9500000000000002,240000000.0,214972734.62500033,215517327.24947214,ns
16000x1x1-precd-thread1-M1e+07,d,1,16000,625.0,1e-10,2.0,240000000.0,215108089.9999993,215653245.24999595,ns
16000x1x1-precd-thread1-M1e+07,d,1,16000,625.0,1e-12,1.25,400000000.0,247345451.75,247974753.75089562,ns
16000x1x1-precd-thread1-M1e+07,d,1,16000,625.0,1e-12,1.3,380000000.0,246329988.62500012,246953971.9986642,ns
16000x1x1-precd-thread1-M1e+07,d,1,16000,625.0,1e-12,1.35,360000000.0,245884894.7500001,246540896.49993694,ns
16000x1x1-precd-thread1-M1e+07,d,1,16000,625.0,1e-12,1.4,340000000.0,246355948.12499973,246978664.7507135,ns
16000x1x1-precd-thread1-M1e+07,d,1,16000,625.0,1e-12,1.45,320000000.0,246498289.37499985,247144104.75098702,ns
16000x1x1-precd-thread1-M1e+07,d,1,16000,625.0,1e-12,1.5,320000000.0,246502473.87500012,247129513.62562308,ns
16000x1x1-precd-thread1-M1e+07,d,1,16000,625.0,1e-12,1.55,320000000.0,246934806.3750001,247584962.6262061,ns
16000x1x1-precd-thread1-M1e+07,d,1,16000,625.0,1e-12,1.6,320000000.0,247635412.25000018,248259377.74949124,ns
16000x1x1-precd-thread1-M1e+07,d,1,16000,625.0,1e-12,1.65,320000000.0,246700872.1249999,247322344.25027853,ns
16000x1x1-precd-thread1-M1e+07,d,1,16000,625.0,1e-12,1.7,320000000.0,237825755.6250003,238455070.6246955,ns
16000x1x1-precd-thread1-M1e+07,d,1,16000,625.0,1e-12,1.75,320000000.0,238289332.1249999,238906497.12484446,ns
16000x1x1-precd-thread1-M1e+07,d,1,16000,625.0,1e-12,1.8,320000000.0,238004076.00000018,238648718.87417394,ns
16000x1x1-precd-thread1-M1e+07,d,1,16000,625.0,1e-12,1.85,320000000.0,238215308.50000006,238839988.2493104,ns
16000x1x1-precd-thread1-M1e+07,d,1,16000,625.0,1e-12,1.9,320000000.0,243126959.6250001,243749997.87505656,ns
16000x1x1-precd-thread1-M1e+07,d,1,16000,625.0,1e-12,1.9500000000000002,320000000.0,243547199.12499955,244160723.62510023,ns
16000x1x1-precd-thread1-M1e+07,d,1,16000,625.0,1e-12,2.0,320000000.0,242909074.75,243541905.7492254,ns
400x400x1-precf-thread1-M1e+07,f,2,400,62.5,0.01,1.25,640000000.0,299022570.25,299894747.12419903,ns
400x400x1-precf-thread1-M1e+07,f,2,400,62.5,0.01,1.3,640000000.0,300151166.8750001,301019525.87392586,ns
400x400x1-precf-thread1-M1e+07,f,2,400,62.5,0.01,1.35,640000000.0,299340418.0000001,300148716.12365824,ns
400x400x1-precf-thread1-M1e+07,f,2,400,62.5,0.01,1.4,480000000.0,295071454.62499994,295921999.49911445,ns
400x400x1-precf-thread1-M1e+07,f,2,400,62.5,0.01,1.45,480000000.0,294737644.0,295602886.87389404,ns
400x400x1-precf-thread1-M1e+07,f,2,400,62.5,0.01,1.5,480000000.0,295209608.25,296039925.8754478,ns
400x400x1-precf-thread1-M1e+07,f,2,400,62.5,0.01,1.55,480000000.0,294615944.7499999,295472426.37454474,ns
400x400x1-precf-thread1-M1e+07,f,2,400,62.5,0.01,1.6,480000000.0,295245453.0000002,296097669.75045204,ns
400x400x1-precf-thread1-M1e+07,f,2,400,62.5,0.01,1.65,480000000.0,294929086.2499998,295720477.00094116,ns
400x400x1-precf-thread1-M1e+07,f,2,400,62.5,0.01,1.7,480000000.0,294770498.0000001,295611609.3755554,ns
400x400x1-precf-thread1-M1e+07,f,2,400,62.5,0.01,1.75,480000000.0,295281359.12500006,296114225.1242563,ns
400x400x1-precf-thread1-M1e+07,f,2,400,62.5,0.01,1.8,480000000.0,294215722.74999976,295033932.7489928,ns
400x400x1-precf-thread1-M1e+07,f,2,400,62.5,0.01,1.85,480000000.0,294885625.50000006,295751443.2509925,ns
400x400x1-precf-thread1-M1e+07,f,2,400,62.5,0.01,1.9,480000000.0,294466028.125,295273018.125954,ns
400x400x1-precf-thread1-M1e+07,f,2,400,62.5,0.01,1.9500000000000002,480000000.0,295099529.2499998,295962194.2500235,ns
400x400x1-precf-thread1-M1e+07,f,2,400,62.5,0.01,2.0,480000000.0,294775230.75,295624716.12553054,ns
400x400x1-precf-thread1-M1e+07,f,2,400,62.5,0.001,1.25,1600000000.0,340272776.5,341269061.1239668,ns
400x400x1-precf-thread1-M1e+07,f,2,400,62.5,0.001,1.3,1600000000.0,342779475.24999994,343780213.8760162,ns
400x400x1-precf-thread1-M1e+07,f,2,400,62.5,0.001,1.35,1600000000.0,363552099.1249999,364538836.1255755,ns
400x400x1-precf-thread1-M1e+07,f,2,400,62.5,0.001,1.4,1600000000.0,341124789.0000002,342134976.99965954,ns
400x400x1-precf-thread1-M1e+07,f,2,400,62.5,0.001,1.45,1600000000.0,342335958.5000001,343471379.9997553,ns
400x400x1-precf-thread1-M1e+07,f,2,400,62.5,0.001,1.5,1600000000.0,342043951.875,343075187.2510882,ns
400x400x1-precf-thread1-M1e+07,f,2,400,62.5,0.001,1.55,640000000.0,305129915.7499998,306067245.6249449,ns
400x400x1-precf-thread1-M1e+07,f,2,400,62.5,0.001,1.6,640000000.0,304859151.37500006,305751483.2489687,ns
400x400x1-precf-thread1-M1e+07,f,2,400,62.5,0.001,1.65,640000000.0,303936250.25000006,304798256.873255,ns
400x400x1-precf-thread1-M1e+07,f,2,400,62.5,0.001,1.7,640000000.0,305073541.7499997,305965733.9999831,ns
400x400x1-precf-thread1-M1e+07,f,2,400,62.5,0.001,1.75,640000000.0,304131695.87500024,305033285.7492322,ns
400x400x1-precf-thread1-M1e+07,f,2,400,62.5,0.001,1.8,640000000.0,303673734.12499976,304523406.250155,ns
400x400x1-precf-thread1-M1e+07,f,2,400,62.5,0.001,1.85,640000000.0,305446884.0000002,306354695.75099707,ns
400x400x1-precf-thread1-M1e+07,f,2,400,62.5,0.001,1.9,640000000.0,303781310.24999976,304637862.1256736,ns
400x400x1-precf-thread1-M1e+07,f,2,400,62.5,0.001,1.9500000000000002,640000000.0,304608637.1249999,305520916.2503161,ns
400x400x1-precf-thread1-M1e+07,f,2,400,62.5,0.001,2.0,640000000.0,305541671.6249999,306455712.24886227,ns
400x400x1-precf-thread1-M1e+07,f,2,400,62.5,0.0001,1.25,2240000000.0,380500006.24999994,381519011.6256417,ns
400x400x1-precf-thread1-M1e+07,f,2,400,62.5,0.0001,1.3,2240000000.0,380902835.1250001,381917371.8748061,ns
400x400x1-precf-thread1-M1e+07,f,2,400,62.5,0.0001,1.35,1920000000.0,360396544.49999994,361323098.2500681,ns
400x400x1-precf-thread1-M1e+07,f,2,400,62.5,0.0001,1.4,1920000000.0,359555105.3749999,360519640.2495494,ns
400x400x1-precf-thread1-M1e+07,f,2,400,62.5,0.0001,1.45,1920000000.0,360089015.7499999,361071764.5005934,ns
400x400x1-precf-thread1-M1e+07,f,2,400,62.5,0.0001,1.5,1920000000.0,360131777.99999994,361060699.0005181,ns
400x400x1-precf-thread1-M1e+07,f,2,400,62.5,0.0001,1.55,1920000000.0,359735738.12500036,360699493.8745629,ns
400x400x1-precf-thread1-M1e+07,f,2,400,62.5,0.0001,1.6,1920000000.0,356957455.2499999,357922595.1252738,ns
400x400x1-precf-thread1-M1e+07,f,2,400,62.5,0.0001,1.65,1600000000.0,338807416.74999994,339729667.75036186,ns
400x400x1-precf-thread1-M1e+07,f,2,400,62.5,0.0001,1.7,1600000000.0,338629163.4999998,339567345.1250332,ns
400x400x1-precf-thread1-M1e+07,f,2,400,62.5,0.0001,1.75,1600000000.0,338835320.75000036,339782102.5009762,ns
400x400x1-precf-thread1-M1e+07,f,2,400,62.5,0.0001,1.8,1600000000.0,338553001.49999934,339453836.8756912,ns
400x400x1-precf-thread1-M1e+07,f,2,400,62.5,0.0001,1.85,1600000000.0,338904784.7500004,339807436.87607175,ns
400x400x1-precf-thread1-M1e+07,f,2,400,62.5,0.0001,1.9,1600000000.0,339174351.37500006,340031613.0009742,ns
400x400x1-precf-thread1-M1e+07,f,2,400,62.5,0.0001,1.9500000000000002,1600000000.0,338376876.12500036,339247678.2501035,ns
400x400x1-precf-thread1-M1e+07,f,2,400,62.5,0.0001,2.0,1600000000.0,339444208.7499998,340329330.5000261,ns
400x400x1-precf-thread1-M1e+07,f,2,400,62.5,1e-05,1.25,2560000000.0,394575510.12499994,395648222.0000908,ns
400x400x1-precf-thread1-M1e+07,f,2,400,62.5,1e-05,1.3,2560000000.0,394168415.50000006,395269602.00055325,ns
400x400x1-precf-thread1-M1e+07,f,2,400,62.5,1e-05,1.35,2560000000.0,394342325.125,395390753.7488703,ns
400x400x1-precf-thread1-M1e+07,f,2,400,62.5,1e-05,1.4,2560000000.0,393612368.0000001,394676440.62642646,ns
400x400x1-precf-thread1-M1e+07,f,2,400,62.5,1e-05,1.45,2240000000.0,390141083.7500001,391205379.000894,ns
400x400x1-precf-thread1-M1e+07,f,2,400,62.5,1e-05,1.5,2240000000.0,385505963.25,386502795.8745486,ns
400x400x1-precf-thread1-M1e+07,f,2,400,62.5,1e-05,1.55,2240000000.0,385965195.00000024,387018892.1246154,ns
400x400x1-precf-thread1-M1e+07,f,2,400,62.5,1e-05,1.6,2240000000.0,385904599.99999994,386957077.50048316,ns
400x400x1-precf-thread1-M1e+07,f,2,400,62.5,1e-05,1.65,2240000000.0,385826665.24999976,386849626.6240982,ns
400x400x1-precf-thread1-M1e+07,f,2,400,62.5,1e-05,1.7,2240000000.0,385701096.75000006,386765721.74881583,ns
400x400x1-precf-thread1-M1e+07,f,2,400,62.5,1e-05,1.75,1920000000.0,360746945.2499998,361754522.2496119,ns
400x400x1-precf-thread1-M1e+07,f,2,400,62.5,1e-05,1.8,1920000000.0,360987405.875,361951581.62445295,ns
400x400x1-precf-thread1-M1e+07,f,2,400,62.5,1e-05,1.85,1920000000.0,361417674.0000001,362424934.5011776,ns
400x400x1-precf-thread1-M1e+07,f,2,400,62.5,1e-05,1.9,1920000000.0,360601829.5000002,361553450.4988318,ns
400x400x1-precf-thread1-M1e+07,f,2,400,62.5,1e-05,1.9500000000000002,1920000000.0,360748968.6249998,361755443.0002201,ns
400x400x1-precf-thread1-M1e+07,f,2,400,62.5,1e-05,2.0,1920000000.0,361329415.87500066,362340246.5000254,ns
400x400x1-precd-thread1-M1e+07,d,2,400,62.5,0.001,1.25,1600000000.0,411948927.74999994,413138429.124956,ns
400x400x1-precd-thread1-M1e+07,d,2,400,62.5,0.001,1.3,1600000000.0,411720359.37500006,412780649.2488162,ns
400x400x1-precd-thread1-M1e+07,d,2,400,62.5,0.001,1.35,1600000000.0,411994512.62499976,413029224.9992635,ns
400x400x1-precd-thread1-M1e+07,d,2,400,62.5,0.001,1.4,1600000000.0,411457392.87500006,412450435.87514377,ns
400x400x1-precd-thread1-M1e+07,d,2,400,62.5,0.001,1.45,1600000000.0,411851783.12499994,412888654.62593096,ns
400x400x1-precd-thread1-M1e+07,d,2,400,62.5,0.001,1.5,1600000000.0,412107764.5,413171013.50068694,ns
400x400x1-precd-thread1-M1e+07,d,2,400,62.5,0.001,1.55,640000000.0,334249424.6250003,335144492.99946135,ns
400x400x1-precd-thread1-M1e+07,d,2,400,62.5,0.001,1.6,640000000.0,334100348.12499934,334964458.250397,ns
400x400x1-precd-thread1-M1e+07,d,2,400,62.5,0.001,1.65,640000000.0,334173587.125,335069028.50058395,ns
400x400x1-precd-thread1-M1e+07,d,2,400,62.5,0.001,1.7,640000000.0,333971555.8750003,334840953.49922425,ns
400x400x1-precd-thread1-M1e+07,d,2,400,62.5,0.001,1.75,640000000.0,334603892.50000054,335489690.2492328,ns
400x400x1-precd-thread1-M1e+07,d,2,400,62.5,0.001,1.8,640000000.0,333994964.875,334875369.9992812,ns
400x400x1-precd-thread1-M1e+07,d,2,400,62.5,0.001,1.85,640000000.0,334171357.6250003,335007544.75062424,ns
400x400x1-precd-thread1-M1e+07,d,2,400,62.5,0.001,1.9,640000000.0,334256135.875,335129619.75065994,ns
400x400x1-precd-thread1-M1e+07,d,2,400,62.5,0.001,1.9500000000000002,640000000.0,334135275.12499994,334976703.8744176,ns
400x400x1-precd-thread1-M1e+07,d,2,400,62.5,0.001,2.0,640000000.0,334270524.49999994,335124992.0015107,ns
400x400x1-precd-thread1-M1e+07,d,2,400,62.5,1e-06,1.25,4800000000.0,659711599.25,661245681.99848,ns
400x400x1-precd-thread1-M1e+07,d,2,400,62.5,1e-06,1.3,4800000000.0,657875830.0,659403531.375574,ns
400x400x1-precd-thread1-M1e+07,d,2,400,62.5,1e-06,1.35,4320000000.0,582124335.7500001,583540353.1236807,ns
400x400x1-precd-thread1-M1e+07,d,2,400,62.5,1e-06,1.4,4320000000.0,581656055.3749999,582998546.0004536,ns
400x400x1-precd-thread1-M1e+07,d,2,400,62.5,1e-06,1.45,4320000000.0,582724335.3749995,584134444.4997958,ns
400x400x1-precd-thread1-M1e+07,d,2,400,62.5,1e-06,1.5,2560000000.0,495968777.74999994,497179519.4996957,ns
400x400x1-precd-thread1-M1e+07,d,2,400,62.5,1e-06,1.55,2560000000.0,496442261.24999946,497666923.1255073,ns
400x400x1-precd-thread1-M1e+07,d,2,400,62.5,1e-06,1.6,2560000000.0,496002194.8749995,497211455.3747815,ns
400x400x1-precd-thread1-M1e+07,d,2,400,62.5,1e-06,1.65,2560000000.0,496178842.3750004,497445732.62432826,ns
400x400x1-precd-thread1-M1e+07,d,2,400,62.5,1e-06,1.7,2560000000.0,496247008.3750006,497467803.99982524,ns
400x400x1-precd-thread1-M1e+07,d,2,400,62.5,1e-06,1.75,2560000000.0,496549934.49999994,497783076.6238185,ns
400x400x1-precd-thread1-M1e+07,d,2,400,62.5,1e-06,1.8,2240000000.0,451576763.0000003,452709124.87467283,ns
400x400x1-precd-thread1-M1e+07,d,2,400,62.5,1e-06,1.85,2240000000.0,453716202.1250003,454861488.87357557,ns
400x400x1-precd-thread1-M1e+07,d,2,400,62.5,1e-06,1.9,2240000000.0,452034342.2499984,453196536.00017774,ns
400x400x1-precd-thread1-M1e+07,d,2,400,62.5,1e-06,1.9500000000000002,2240000000.0,451655566.7500004,452775093.1247283,ns
400x400x1-precd-thread1-M1e+07,d,2,400,62.5,1e-06,2.0,2240000000.0,451782169.7500004,452932175.12517005,ns
400x400x1-precd-thread1-M1e+07,d,2,400,62.5,1e-08,1.25,8960000000.0,999136197.2500001,1001240231.1240294,ns
400x400x1-precd-thread1-M1e+07,d,2,400,62.5,1e-08,1.3,8320000000.0,982906432.3749996,984974336.0009598,ns
400x400x1-precd-thread1-M1e+07,d,2,400,62.5,1e-08,1.35,5760000000.0,826087190.375,827921957.3760202,ns
400x400x1-precd-thread1-M1e+07,d,2,400,62.5,1e-08,1.4,5760000000.0,825268889.5000002,827013960.7502643,ns
400x400x1-precd-thread1-M1e+07,d,2,400,62.5,1e-08,1.45,5280000000.0,649442300.7499996,650927503.1239667,ns
400x400x1-precd-thread1-M1e+07,d,2,400,62.5,1e-08,1.5,5280000000.0,648938141.625,650402211.7496789,ns
400x400x1-precd-thread1-M1e+07,d,2,400,62.5,1e-08,1.55,5280000000.0,649332526.5000002,650806887.6246397,ns
400x400x1-precd-thread1-M1e+07,d,2,400,62.5,1e-08,1.6,4800000000.0,666441615.5000001,667937374.4991608,ns
400x400x1-precd-thread1-M1e+07,d,2,400,62.5,1e-08,1.65,4800000000.0,666414197.3749995,667937802.8748033,ns
400x400x1-precd-thread1-M1e+07,d,2,400,62.5,1e-08,1.7,4800000000.0,666359175.2500011,667982022.7509481,ns
400x400x1-precd-thread1-M1e+07,d,2,400,62.5,1e-08,1.75,4800000000.0,667047493.7499993,668642617.1254425,ns
400x400x1-precd-thread1-M1e+07,d,2,400,62.5,1e-08,1.8,4800000000.0,667024833.7499985,668521675.2503039,ns
400x400x1-precd-thread1-M1e+07,d,2,400,62.5,1e-08,1.85,4800000000.0,666495729.9999994,668002045.6260536,ns
400x400x1-precd-thread1-M1e+07,d,2,400,62.5,1e-08,1.9,4320000000.0,586465929.2500001,587897632.8749559,ns
400x400x1-precd-thread1-M1e+07,d,2,400,62.5,1e-08,1.9500000000000002,4320000000.0,586293624.7500006,587685956.3759353,ns
400x400x1-precd-thread1-M1e+07,d,2,400,62.5,1e-08,2.0,4320000000.0,586371441.8750004,587748521.8752553,ns
400x400x1-precd-thread1-M1e+07,d,2,400,62.5,1e-10,1.25,11560000000.0,1114558163.3750002,1116866965.7490683,ns
400x400x1-precd-thread1-M1e+07,d,2,400,62.5,1e-10,1.3,10240000000.0,1115512322.0000002,1117871102.6241217,ns
400x400x1-precd-thread1-M1e+07,d,2,400,62.5,1e-10,1.35,9600000000.0,1097072764.375,1099334166.3743196,ns
400x400x1-precd-thread1-M1e+07,d,2,400,62.5,1e-10,1.4,8960000000.0,998112504.9999999,1000199724.248887,ns
400x400x1-precd-thread1-M1e+07,d,2,400,62.5,1e-10,1.45,8960000000.0,992666495.1249995,994794228.6253238,ns
400x400x1-precd-thread1-M1e+07,d,2,400,62.5,1e-10,1.5,8320000000.0,979265461.3750002,981316864.2504025,ns
400x400x1-precd-thread1-M1e+07,d,2,400,62.5,1e-10,1.55,8320000000.0,979606219.75,981664647.37551,ns
400x400x1-precd-thread1-M1e+07,d,2,400,62.5,1e-10,1.6,8320000000.0,979357790.3750013,981372708.8749146,ns
400x400x1-precd-thread1-M1e+07,d,2,400,62.5,1e-10,1.65,5760000000.0,823482059.749999,825313557.2504107,ns
400x400x1-precd-thread1-M1e+07,d,2,400,62.5,1e-10,1.7,5760000000.0,823331921.9999995,825129486.6240642,ns
400x400x1-precd-thread1-M1e+07,d,2,400,62.5,1e-10,1.75,5760000000.0,823658759.0000006,825401079.6263174,ns
400x400x1-precd-thread1-M1e+07,d,2,400,62.5,1e-10,1.8,5760000000.0,823583221.1250002,825360060.8750275,ns
400x400x1-precd-thread1-M1e+07,d,2,400,62.5,1e-10,1.85,5760000000.0,823487263.5000006,825245349.749821,ns
400x400x1-precd-thread1-M1e+07,d,2,400,62.5,1e-10,1.9,5760000000.0,823598030.6249999,825399157.6239059,ns
400x400x1-precd-thread1-M1e+07,d,2,400,62.5,1e-10,1.9500000000000002,5280000000.0,665836804.9999996,667326073.7497913,ns
400x400x1-precd-thread1-M1e+07,d,2,400,62.5,1e-10,2.0,5280000000.0,665697295.1249998,667207751.8742299,ns
400x400x1-precd-thread1-M1e+07,d,2,400,62.5,1e-12,1.25,16000000000.0,1114682618.875,1117047526.2497349,ns
400x400x1-precd-thread1-M1e+07,d,2,400,62.5,1e-12,1.3,14440000000.0,1115801097.1249998,1118055430.4992256,ns
400x400x1-precd-thread1-M1e+07,d,2,400,62.5,1e-12,1.35,12960000000.0,1115558420.6249998,1117824166.749415,ns
400x400x1-precd-thread1-M1e+07,d,2,400,62.5,1e-12,1.4,11560000000.0,1115358496.1250002,1117631297.8750503,ns
400x400x1-precd-thread1-M1e+07,d,2,400,62.5,1e-12,1.45,11560000000.0,1115482022.2500002,1117761005.1254306,ns
400x400x1-precd-thread1-M1e+07,d,2,400,62.5,1e-12,1.5,10240000000.0,1115037573.2499995,1117294540.250441,ns
400x400x1-precd-thread1-M1e+07,d,2,400,62.5,1e-12,1.55,10240000000.0,1115281757.500001,1117574843.2506225,ns
400x400x1-precd-thread1-M1e+07,d,2,400,62.5,1e-12,1.6,9600000000.0,1105458666.1249993,1107743047.9999747,ns
400x400x1-precd-thread1-M1e+07,d,2,400,62.5,1e-12,1.65,9600000000.0,1105733894.0,1107969662.7493832,ns
400x400x1-precd-thread1-M1e+07,d,2,400,62.5,1e-12,1.7,9600000000.0,1105497185.6250014,1107724327.4994543,ns
400x400x1-precd-thread1-M1e+07,d,2,400,62.5,1e-12,1.75,8960000000.0,1004271781.3750013,1006508763.3756775,ns
400x400x1-precd-thread1-M1e+07,d,2,400,62.5,1e-12,1.8,8960000000.0,1003482312.000001,1005552705.2500111,ns
400x400x1-precd-thread1-M1e+07,d,2,400,62.5,1e-12,1.85,8960000000.0,1003421340.000001,1005457379.9989157,ns
400x400x1-precd-thread1-M1e+07,d,2,400,62.5,1e-12,1.9,8960000000.0,1003632172.2500006,1005753221.6251274,ns
400x400x1-precd-thread1-M1e+07,d,2,400,62.5,1e-12,1.9500000000000002,8320000000.0,985794367.625001,987846340.2510533,ns
400x400x1-precd-thread1-M1e+07,d,2,400,62.5,1e-12,2.0,8320000000.0,985776936.3750002,987819829.5009497,ns
400x400x1-precf-thread0-M1e+07,f,2,400,62.5,0.01,1.25,640000000.0,301490380.625,302371990.74872476,ns
400x400x1-precf-thread0-M1e+07,f,2,400,62.5,0.01,1.3,640000000.0,301651919.50000006,302494381.7508756,ns
400x400x1-precf-thread0-M1e+07,f,2,400,62.5,0.01,1.35,640000000.0,300731571.25000006,301572506.9999462,ns
400x400x1-precf-thread0-M1e+07,f,2,400,62.5,0.01,1.4,480000000.0,296391514.25,297221671.12595344,ns
400x400x1-precf-thread0-M1e+07,f,2,400,62.5,0.01,1.45,480000000.0,297682086.3749998,298531767.49929845,ns
400x400x1-precf-thread0-M1e+07,f,2,400,62.5,0.01,1.5,480000000.0,296403783.5000002,297214651.12561417,ns
400x400x1-precf-thread0-M1e+07,f,2,400,62.5,0.01,1.55,480000000.0,296901221.62499976,297735217.6239947,ns
400x400x1-precf-thread0-M1e+07,f,2,400,62.5,0.01,1.6,480000000.0,297227531.62499994,298082951.4999641,ns
400x400x1-precf-thread0-M1e+07,f,2,400,62.5,0.01,1.65,480000000.0,296581660.50000024,297395285.8756093,ns
400x400x1-precf-thread0-M1e+07,f,2,400,62.5,0.01,1.7,480000000.0,296279158.875,297107447.8737137,ns
400x400x1-precf-thread0-M1e+07,f,2,400,62.5,0.01,1.75,480000000.0,296684208.87499994,297533601.74981934,ns
400x400x1-precf-thread0-M1e+07,f,2,400,62.5,0.01,1.8,480000000.0,296112766.3749998,296921665.5001219,ns
400x400x1-precf-thread0-M1e+07,f,2,400,62.5,0.01,1.85,480000000.0,297750657.75,298588542.5005108,ns
400x400x1-precf-thread0-M1e+07,f,2,400,62.5,0.01,1.9,480000000.0,296198533.5000001,297033220.751473,ns
400x400x1-precf-thread0-M1e+07,f,2,400,62.5,0.01,1.9500000000000002,480000000.0,296488084.6250004,297325285.124316,ns
400x400x1-precf-thread0-M1e+07,f,2,400,62.5,0.01,2.0,480000000.0,296967078.12500024,297798906.37473726,ns
400x400x1-precf-thread0-M1e+07,f,2,400,62.5,0.001,1.25,1600000000.0,336220980.25,337135996.87507665,ns
400x400x1-precf-thread0-M1e+07,f,2,400,62.5,0.001,1.3,1600000000.0,338639986.87500006,339554863.6253807,ns
400x400x1-precf-thread0-M1e+07,f,2,400,62.5,0.001,1.35,1600000000.0,358928033.9999998,359849852.3751914,ns
400x400x1-precf-thread0-M1e+07,f,2,400,62.5,0.001,1.4,1600000000.0,334984793.6249999,335916169.1259942,ns
400x400x1-precf-thread0-M1e+07,f,2,400,62.5,0.001,1.45,1600000000.0,335914353.87500024,336826135.4989954,ns
400x400x1-precf-thread0-M1e+07,f,2,400,62.5,0.001,1.5,1600000000.0,337270998.0000002,338156583.9990799,ns
400x400x1-precf-thread0-M1e+07,f,2,400,62.5,0.001,1.55,640000000.0,299244735.6249999,300100269.2508337,ns
400x400x1-precf-thread0-M1e+07,f,2,400,62.5,0.001,1.6,640000000.0,299227641.87499994,300089072.0013558,ns
400x400x1-precf-thread0-M1e+07,f,2,400,62.5,0.001,1.65,640000000.0,299094582.625,299906866.7486426,ns
400x400x1-precf-thread0-M1e+07,f,2,400,62.5,0.001,1.7,640000000.0,299320949.62500024,300194952.99893606,ns
400x400x1-precf-thread0-M1e+07,f,2,400,62.5,0.001,1.75,640000000.0,299324405.2500001,300179870.1243388,ns
400x400x1-precf-thread0-M1e+07,f,2,400,62.5,0.001,1.8,640000000.0,299465407.74999964,300293111.9990535,ns
400x400x1-precf-thread0-M1e+07,f,2,400,62.5,0.001,1.85,640000000.0,299218851.1249996,300084600.99998045,ns
400x400x1-precf-thread0-M1e+07,f,2,400,62.5,0.001,1.9,640000000.0,298559862.2500003,299371403.1254058,ns
400x400x1-precf-thread0-M1e+07,f,2,400,62.5,0.001,1.9500000000000002,640000000.0,298962294.3750003,299835569.49991906,ns
400x400x1-precf-thread0-M1e+07,f,2,400,62.5,0.001,2.0,640000000.0,299106703.24999964,299972250.2499935,ns
400x400x1-precf-thread0-M1e+07,f,2,400,62.5,0.0001,1.25,2240000000.0,379229249.125,380259538.1239371,ns
400x400x1-precf-thread0-M1e+07,f,2,400,62.5,0.0001,1.3,2240000000.0,378188349.5,379192123.24959517,ns
400x400x1-precf-thread0-M1e+07,f,2,400,62.5,0.0001,1.35,1920000000.0,357970334.37500006,358907651.49997604,ns
400x400x1-precf-thread0-M1e+07,f,2,400,62.5,0.0001,1.4,1920000000.0,358683577.2499999,359680033.8764297,ns
400x400x1-precf-thread0-M1e+07,f,2,400,62.5,0.0001,1.45,1920000000.0,358592713.8749998,359579189.0002147,ns
400x400x1-precf-thread0-M1e+07,f,2,400,62.5,0.0001,1.5,1920000000.0,358464174.2499999,359427499.87407297,ns
400x400x1-precf-thread0-M1e+07,f,2,400,62.5,0.0001,1.55,1920000000.0,359157384.5,360143892.8744756,ns
400x400x1-precf-thread0-M1e+07,f,2,400,62.5,0.0001,1.6,1920000000.0,355203140.75000006,356166334.9992159,ns
400x400x1-precf-thread0-M1e+07,f,2,400,62.5,0.0001,1.65,1600000000.0,337293862.8750002,338188567.4989462,ns
400x400x1-precf-thread0-M1e+07,f,2,400,62.5,0.0001,1.7,1600000000.0,337800685.5,338726181.875245,ns
400x400x1-precf-thread0-M1e+07,f,2,400,62.5,0.0001,1.75,1600000000.0,337630797.2499992,338564487.6252627,ns
400x400x1-precf-thread0-M1e+07,f,2,400,62.5,0.0001,1.8,1600000000.0,337213013.875,338130840.2495051,ns
400x400x1-precf-thread0-M1e+07,f,2,400,62.5,0.0001,1.85,1600000000.0,337565189.6249998,338497864.5008232,ns
400x400x1-precf-thread0-M1e+07,f,2,400,62.5,0.0001,1.9,1600000000.0,337168036.62500006,338062040.24949694,ns
400x400x1-precf-thread0-M1e+07,f,2,400,62.5,0.0001,1.9500000000000002,1600000000.0,337258898.0,338194444.3735847,ns
400x400x1-precf-thread0-M1e+07,f,2,400,62.5,0.0001,2.0,1600000000.0,338182605.37499964,339114315.7514307,ns
400x400x1-precf-thread0-M1e+07,f,2,400,62.5,1e-05,1.25,2560000000.0,390157585.25,391198490.2497352,ns
400x400x1-precf-thread0-M1e+07,f,2,400,62.5,1e-05,1.3,2560000000.0,389638786.74999994,390673880.3743792,ns
400x400x1-precf-thread0-M1e+07,f,2,400,62.5,1e-05,1.35,2560000000.0,392013905.0,393021710.5007614,ns
400x400x1-precf-thread0-M1e+07,f,2,400,62.5,1e-05,1.4,2560000000.0,391168438.7500003,392192788.87503606,ns
400x400x1-precf-thread0-M1e+07,f,2,400,62.5,1e-05,1.45,2240000000.0,385918493.1250002,386922716.12490004,ns
400x400x1-precf-thread0-M1e+07,f,2,400,62.5,1e-05,1.5,2240000000.0,382456205.75000006,383445238.625427,ns
400x400x1-precf-thread0-M1e+07,f,2,400,62.5,1e-05,1.55,2240000000.0,382267720.75000024,383309925.1241947,ns
400x400x1-precf-thread0-M1e+07,f,2,400,62.5,1e-05,1.6,2240000000.0,382114767.37500006,383109978.50021523,ns
400x400x1-precf-thread0-M1e+07,f,2,400,62.5,1e-05,1.65,2240000000.0,382588712.0,383565052.87447363,ns
400x400x1-precf-thread0-M1e+07,f,2,400,62.5,1e-05,1.7,2240000000.0,381850479.2499997,382859842.8754049,ns
400x400x1-precf-thread0-M1e+07,f,2,400,62.5,1e-05,1.75,1920000000.0,356842814.0000002,357813870.24871945,ns
400x400x1-precf-thread0-M1e+07,f,2,400,62.5,1e-05,1.8,1920000000.0,356231987.1249997,357147388.50037974,ns
400x400x1-precf-thread0-M1e+07,f,2,400,62.5,1e-05,1.85,1920000000.0,356243943.1250004,357212098.3753848,ns
400x400x1-precf-thread0-M1e+07,f,2,400,62.5,1e-05,1.9,1920000000.0,356472648.4999996,357371252.12472165,ns
400x400x1-precf-thread0-M1e+07,f,2,400,62.5,1e-05,1.9500000000000002,1920000000.0,356657289.1250006,357626992.4997178,ns
400x400x1-precf-thread0-M1e+07,f,2,400,62.5,1e-05,2.0,1920000000.0,356462876.62499976,357366872.6257893,ns
96x96x64-precd-thread0-M1e+07,d,3,96,16.954210069444443,0.001,1.25,34559997696.0,1879242725.875,1883337484.9982648,ns
96x96x64-precd-thread0-M1e+07,d,3,96,16.954210069444443,0.001,1.3,23999998400.0,1413751888.6249998,1417070214.3746893,ns
96x96x64-precd-thread0-M1e+07,d,3,96,16.954210069444443,0.001,1.35,23999998400.0,1414196682.3750005,1417592605.3740113,ns
96x96x64-precd-thread0-M1e+07,d,3,96,16.954210069444443,0.001,1.4,23999998400.0,1414594254.1250002,1418193727.7498946,ns
96x96x64-precd-thread0-M1e+07,d,3,96,16.954210069444443,0.001,1.45,23999998400.0,1413943181.4999998,1417265260.8740463,ns
96x96x64-precd-thread0-M1e+07,d,3,96,16.954210069444443,0.001,1.5,23999998400.0,1413878813.1249988,1417208984.1249545,ns
96x96x64-precd-thread0-M1e+07,d,3,96,16.954210069444443,0.001,1.55,23999998400.0,1414217012.249999,1417534547.1248875,ns
96x96x64-precd-thread0-M1e+07,d,3,96,16.954210069444443,0.001,1.6,23999998400.0,1413858325.4999998,1417167406.8747962,ns
96x96x64-precd-thread0-M1e+07,d,3,96,16.954210069444443,0.001,1.65,7679999488.0,852068922.1249995,854279480.4998266,ns
96x96x64-precd-thread0-M1e+07,d,3,96,16.954210069444443,0.001,1.7,7679999488.0,851740468.7500001,853959573.3745955,ns
96x96x64-precd-thread0-M1e+07,d,3,96,16.954210069444443,0.001,1.75,7679999488.0,839456625.7499995,841608018.7489569,ns
96x96x64-precd-thread0-M1e+07,d,3,96,16.954210069444443,0.001,1.8,7679999488.0,839236879.8750027,841447112.1250244,ns
96x96x64-precd-thread0-M1e+07,d,3,96,16.954210069444443,0.001,1.85,7679999488.0,840045578.2499989,842279325.4994758,ns
96x96x64-precd-thread0-M1e+07,d,3,96,16.954210069444443,0.001,1.9,7679999488.0,851771272.4999988,853994532.2499989,ns
96x96x64-precd-thread0-M1e+07,d,3,96,16.954210069444443,0.001,1.9500000000000002,7679999488.0,851670599.5000002,853828411.2491965,ns
96x96x64-precd-thread0-M1e+07,d,3,96,16.954210069444443,0.001,2.0,7679999488.0,851942299.1249996,854099256.624977,ns
96x96x64-precd-thread0-M1e+07,d,3,96,16.954210069444443,1e-06,1.25,174239988384.0,7912861913.625,7928479700.374737,ns
96x96x64-precd-thread0-M1e+07,d,3,96,16.954210069444443,1e-06,1.3,143999990400.0,6773842986.375001,6786834844.249825,ns
96x96x64-precd-thread0-M1e+07,d,3,96,16.954210069444443,1e-06,1.35,116639992224.0,5267626417.749998,5277868964.374647,ns
96x96x64-precd-thread0-M1e+07,d,3,96,16.954210069444443,1e-06,1.4,116639992224.0,5266834959.499999,5276956132.251143,ns
96x96x64-precd-thread0-M1e+07,d,3,96,16.954210069444443,1e-06,1.45,116639992224.0,5267194766.875001,5277639028.499834,ns
96x96x64-precd-thread0-M1e+07,d,3,96,16.954210069444443,1e-06,1.5,116639992224.0,5266795103.125006,5277131307.750096,ns
96x96x64-precd-thread0-M1e+07,d,3,96,16.954210069444443,1e-06,1.55,61439995904.0,3118827856.4999976,3125081679.874711,ns
96x96x64-precd-thread0-M1e+07,d,3,96,16.954210069444443,1e-06,1.6,61439995904.0,3118590540.875005,3124875133.1258974,ns
96x96x64-precd-thread0-M1e+07,d,3,96,16.954210069444443,1e-06,1.65,61439995904.0,3119770220.4999943,3126124045.6242375,ns
96x96x64-precd-thread0-M1e+07,d,3,96,16.954210069444443,1e-06,1.7,61439995904.0,3118755837.1250005,3125109324.2499337,ns
96x96x64-precd-thread0-M1e+07,d,3,96,16.954210069444443,1e-06,1.75,61439995904.0,3118104206.5,3124406027.376608,ns
96x96x64-precd-thread0-M1e+07,d,3,96,16.954210069444443,1e-06,1.8,61439995904.0,3119293840.6250052,3125603339.749432,ns
96x96x64-precd-thread0-M1e+07,d,3,96,16.954210069444443,1e-06,1.85,47039996864.0,2330563850.8750024,2335534468.125843,ns
96x96x64-precd-thread0-M1e+07,d,3,96,16.954210069444443,1e-06,1.9,47039996864.0,2331276415.4999995,2336215116.874882,ns
96x96x64-precd-thread0-M1e+07,d,3,96,16.954210069444443,1e-06,1.9500000000000002,47039996864.0,2331028436.5000057,2336017799.6255517,ns
96x96x64-precd-thread0-M1e+07,d,3,96,16.954210069444443,1e-06,2.0,47039996864.0,2330537167.8750005,2335457356.0009155,ns
96x96x64-precd-thread0-M1e+07,d,3,96,16.954210069444443,1e-08,1.25,376319974912.0,18237596948.0,18273460445.87466,ns
96x96x64-precd-thread0-M1e+07,d,3,96,16.954210069444443,1e-08,1.3,324479978368.0,15334708531.375,15364728469.250622,ns
96x96x64-precd-thread0-M1e+07,d,3,96,16.954210069444443,1e-08,1.35,207359986176.0,9426295757.249996,9444798331.751371,ns
96x96x64-precd-thread0-M1e+07,d,3,96,16.954210069444443,1e-08,1.4,207359986176.0,9423319721.875004,9441426573.499485,ns
96x96x64-precd-thread0-M1e+07,d,3,96,16.954210069444443,1e-08,1.45,174239988384.0,7947054708.124994,7962413562.874644,ns
96x96x64-precd-thread0-M1e+07,d,3,96,16.954210069444443,1e-08,1.5,174239988384.0,7947321832.999996,7962943511.498451,ns
96x96x64-precd-thread0-M1e+07,d,3,96,16.954210069444443,1e-08,1.55,174239988384.0,7959838376.874998,7975513699.999283,ns
96x96x64-precd-thread0-M1e+07,d,3,96,16.954210069444443,1e-08,1.6,174239988384.0,7951161542.250006,7966624009.124643,ns
96x96x64-precd-thread0-M1e+07,d,3,96,16.954210069444443,1e-08,1.65,143999990400.0,6807563209.500003,6820948876.500552,ns
96x96x64-precd-thread0-M1e+07,d,3,96,16.954210069444443,1e-08,1.7,143999990400.0,6807878133.499997,6821092303.3748255,ns
96x96x64-precd-thread0-M1e+07,d,3,96,16.954210069444443,1e-08,1.75,143999990400.0,6806991539.4999895,6820062388.749648,ns
96x96x64-precd-thread0-M1e+07,d,3,96,16.954210069444443,1e-08,1.8,143999990400.0,6807487253.624998,6820905943.624893,ns
96x96x64-precd-thread0-M1e+07,d,3,96,16.954210069444443,1e-08,1.85,143999990400.0,6807957818.5,6821680185.124933,ns
96x96x64-precd-thread0-M1e+07,d,3,96,16.954210069444443,1e-08,1.9,143999990400.0,6807813639.875008,6821933029.124921,ns
96x96x64-precd-thread0-M1e+07,d,3,96,16.954210069444443,1e-08,1.9500000000000002,116639992224.0,5281805665.250005,5292942712.250806,ns
96x96x64-precd-thread0-M1e+07,d,3,96,16.954210069444443,1e-08,2.0,116639992224.0,5281349921.50001,5291955539.874834,ns
96x96x64-precd-thread0-M1e+07,d,3,96,16.954210069444443,1e-10,1.25,589559960696.0,23640217170.0,23686793081.500584,ns
96x96x64-precd-thread0-M1e+07,d,3,96,16.954210069444443,1e-10,1.3,491519967232.0,23661997327.625,23707103641.625507,ns
96x96x64-precd-thread0-M1e+07,d,3,96,16.954210069444443,1e-10,1.35,431999971200.0,21316594414.375004,21356962012.374424,ns
96x96x64-precd-thread0-M1e+07,d,3,96,16.954210069444443,1e-10,1.4,431999971200.0,21355850610.000004,21397491608.74999,ns
96x96x64-precd-thread0-M1e+07,d,3,96,16.954210069444443,1e-10,1.45,376319974912.0,18293524189.500004,18330393624.624775,ns
96x96x64-precd-thread0-M1e+07,d,3,96,16.954210069444443,1e-10,1.5,376319974912.0,18288938917.500004,18325646698.87506,ns
96x96x64-precd-thread0-M1e+07,d,3,96,16.954210069444443,1e-10,1.55,324479978368.0,15297064522.249996,15326972825.125267,ns
96x96x64-precd-thread0-M1e+07,d,3,96,16.954210069444443,1e-10,1.6,324479978368.0,15296959835.374992,15326649179.625748,ns
96x96x64-precd-thread0-M1e+07,d,3,96,16.954210069444443,1e-10,1.65,324479978368.0,15296669281.374989,15325941822.999084,ns
96x96x64-precd-thread0-M1e+07,d,3,96,16.954210069444443,1e-10,1.7,207359986176.0,9435346271.625008,9453704138.00083,ns
96x96x64-precd-thread0-M1e+07,d,3,96,16.954210069444443,1e-10,1.75,207359986176.0,9434937773.499996,9453487929.749826,ns
96x96x64-precd-thread0-M1e+07,d,3,96,16.954210069444443,1e-10,1.8,207359986176.0,9435563079.625013,9454513271.624819,ns
96x96x64-precd-thread0-M1e+07,d,3,96,16.954210069444443,1e-10,1.85,207359986176.0,9435196727.375,9454419692.125156,ns
96x96x64-precd-thread0-M1e+07,d,3,96,16.954210069444443,1e-10,1.9,207359986176.0,9436173810.125013,9455385508.124891,ns
96x96x64-precd-thread0-M1e+07,d,3,96,16.954210069444443,1e-10,1.9500000000000002,207359986176.0,9435591495.625004,9454716183.37433,ns
96x96x64-precd-thread0-M1e+07,d,3,96,16.954210069444443,1e-10,2.0,174239988384.0,7955227443.125011,7971275644.998968,ns
