max_sp,nsub,nthreads,sync,nthr_atomic,time_s
200,41944,1,atomic,1,2.016781
200,41944,1,critical,10000,1.937354
200,41944,2,atomic,1,2.003529
200,41944,2,critical,10000,1.182264
200,41944,4,atomic,1,1.131845
200,41944,4,critical,10000,0.741726
200,41944,8,atomic,1,0.679248
200,41944,8,critical,10000,0.544097
200,41944,10,atomic,1,0.588564
200,41944,10,critical,10000,0.527555
200,41944,16,atomic,1,0.475767
200,41944,16,critical,10000,0.530002
200,41944,20,atomic,1,0.435995
200,41944,20,critical,10000,0.543962
200,41944,32,atomic,1,0.435373
200,41944,32,critical,10000,0.564622
200,41944,40,atomic,1,0.435017
200,41944,40,critical,10000,0.579498
500,16778,1,atomic,1,2.02408
500,16778,1,critical,10000,2.024621
500,16778,2,atomic,1,1.929433
500,16778,2,critical,10000,1.170552
500,16778,4,atomic,1,1.070315
500,16778,4,critical,10000,0.727363
500,16778,8,atomic,1,0.643898
500,16778,8,critical,10000,0.515787
500,16778,10,atomic,1,0.563525
500,16778,10,critical,10000,0.484435
500,16778,16,atomic,1,0.451046
500,16778,16,critical,10000,0.479888
500,16778,20,atomic,1,0.418716
500,16778,20,critical,10000,0.476031
500,16778,32,atomic,1,0.421358
500,16778,32,critical,10000,0.498104
500,16778,40,atomic,1,0.41965
500,16778,40,critical,10000,0.513961
1000,8389,1,atomic,1,1.949997
1000,8389,1,critical,10000,2.00792
1000,8389,2,atomic,1,1.868229
1000,8389,2,critical,10000,1.14277
1000,8389,4,atomic,1,1.044766
1000,8389,4,critical,10000,0.715834
1000,8389,8,atomic,1,0.643578
1000,8389,8,critical,10000,0.479187
1000,8389,10,atomic,1,0.556822
1000,8389,10,critical,10000,0.444491
1000,8389,16,atomic,1,0.446669
1000,8389,16,critical,10000,0.44394
1000,8389,20,atomic,1,0.413554
1000,8389,20,critical,10000,0.440935
1000,8389,32,atomic,1,0.411726
1000,8389,32,critical,10000,0.475431
1000,8389,40,atomic,1,0.415446
1000,8389,40,critical,10000,0.495633
2000,4195,1,atomic,1,1.945986
2000,4195,1,critical,10000,1.991062
2000,4195,2,atomic,1,1.804255
2000,4195,2,critical,10000,1.09279
2000,4195,4,atomic,1,1.00397
2000,4195,4,critical,10000,0.666005
2000,4195,8,atomic,1,0.611207
2000,4195,8,critical,10000,0.450322
2000,4195,10,atomic,1,0.542523
2000,4195,10,critical,10000,0.43317
2000,4195,16,atomic,1,0.439671
2000,4195,16,critical,10000,0.433138
2000,4195,20,atomic,1,0.405282
2000,4195,20,critical,10000,0.434824
2000,4195,32,atomic,1,0.411768
2000,4195,32,critical,10000,0.477157
2000,4195,40,atomic,1,0.413146
2000,4195,40,critical,10000,0.511965
5000,1678,1,atomic,1,1.942745
5000,1678,1,critical,10000,1.937674
5000,1678,2,atomic,1,1.658769
5000,1678,2,critical,10000,1.056386
5000,1678,4,atomic,1,0.933809
5000,1678,4,critical,10000,0.636699
5000,1678,8,atomic,1,0.57842
5000,1678,8,critical,10000,0.42841
5000,1678,10,atomic,1,0.510657
5000,1678,10,critical,10000,0.403237
5000,1678,16,atomic,1,0.422078
5000,1678,16,critical,10000,0.415082
5000,1678,20,atomic,1,0.396461
5000,1678,20,critical,10000,0.424987
5000,1678,32,atomic,1,0.409259
5000,1678,32,critical,10000,0.49205
5000,1678,40,atomic,1,0.425476
5000,1678,40,critical,10000,0.526573
10000,839,1,atomic,1,1.831324
10000,839,1,critical,10000,1.808097
10000,839,2,atomic,1,1.414608
10000,839,2,critical,10000,1.007671
10000,839,4,atomic,1,0.817042
10000,839,4,critical,10000,0.618081
10000,839,8,atomic,1,0.519989
10000,839,8,critical,10000,0.41536
10000,839,10,atomic,1,0.459876
10000,839,10,critical,10000,0.378019
10000,839,16,atomic,1,0.403269
10000,839,16,critical,10000,0.395354
10000,839,20,atomic,1,0.387288
10000,839,20,critical,10000,0.417945
10000,839,32,atomic,1,0.420453
10000,839,32,critical,10000,0.465515
10000,839,40,atomic,1,0.443204
10000,839,40,critical,10000,0.494395
20000,420,1,atomic,1,1.810204
20000,420,1,critical,10000,1.804652
20000,420,2,atomic,1,1.254467
20000,420,2,critical,10000,1.010036
20000,420,4,atomic,1,0.732728
20000,420,4,critical,10000,0.60317
20000,420,8,atomic,1,0.472888
20000,420,8,critical,10000,0.407745
20000,420,10,atomic,1,0.430745
20000,420,10,critical,10000,0.37614
20000,420,16,atomic,1,0.401734
20000,420,16,critical,10000,0.401098
20000,420,20,atomic,1,0.402101
20000,420,20,critical,10000,0.404986
20000,420,32,atomic,1,0.421285
20000,420,32,critical,10000,0.442095
20000,420,40,atomic,1,0.444221
20000,420,40,critical,10000,0.463191
50000,168,1,atomic,1,1.76501
50000,168,1,critical,10000,1.777193
50000,168,2,atomic,1,1.144481
50000,168,2,critical,10000,0.992153
50000,168,4,atomic,1,0.679003
50000,168,4,critical,10000,0.602097
50000,168,8,atomic,1,0.467189
50000,168,8,critical,10000,0.434603
50000,168,10,atomic,1,0.432423
50000,168,10,critical,10000,0.398134
50000,168,16,atomic,1,0.408466
50000,168,16,critical,10000,0.404601
50000,168,20,atomic,1,0.404591
50000,168,20,critical,10000,0.40255
50000,168,32,atomic,1,0.429594
50000,168,32,critical,10000,0.429335
50000,168,40,atomic,1,0.445046
50000,168,40,critical,10000,0.448614
100000,84,1,atomic,1,1.761493
100000,84,1,critical,10000,1.770365
100000,84,2,atomic,1,1.108177
100000,84,2,critical,10000,0.985323
100000,84,4,atomic,1,0.668677
100000,84,4,critical,10000,0.607075
100000,84,8,atomic,1,0.469947
100000,84,8,critical,10000,0.443333
100000,84,10,atomic,1,0.434898
100000,84,10,critical,10000,0.413717
100000,84,16,atomic,1,0.416838
100000,84,16,critical,10000,0.416099
100000,84,20,atomic,1,0.418477
100000,84,20,critical,10000,0.412032
100000,84,32,atomic,1,0.435556
100000,84,32,critical,10000,0.432957
100000,84,40,atomic,1,0.450675
100000,84,40,critical,10000,0.454284
209715,41,1,atomic,1,1.750961
209715,41,1,critical,10000,1.720352
209715,41,2,atomic,1,1.103989
209715,41,2,critical,10000,1.002609
209715,41,4,atomic,1,0.684322
209715,41,4,critical,10000,0.628563
209715,41,8,atomic,1,0.481983
209715,41,8,critical,10000,0.45434
209715,41,10,atomic,1,0.451991
209715,41,10,critical,10000,0.433624
209715,41,16,atomic,1,0.433073
209715,41,16,critical,10000,0.428143
209715,41,20,atomic,1,0.431133
209715,41,20,critical,10000,0.41931
209715,41,32,atomic,1,0.452155
209715,41,32,critical,10000,0.452213
209715,41,40,atomic,1,0.467608
209715,41,40,critical,10000,0.469734
