trial,time_s,spread_max_sp_size,spread_sort,upsampfac,spread_nthr_atomic,spread_bin_size_x,spread_bin_size_y
0,20.0,40222,0,1.6587,100,104,833
1,3.60183,656815,1,1.6467,100,6,1
2,20.0,1145,0,1.9025,1,126,330
3,20.0,2216,0,1.9585,1,27,313
4,20.0,21554,0,1.7132,100,5295,145
5,2.636833,11245,1,1.2952,100,18,1
6,2.778843,8357,1,1.579,1,18,2
7,2.434482,81173,1,1.4333,1,569,2
8,6.469477,3755,1,1.3228,1,6825,25
9,2.376643,717367,1,1.2794,1,35,1
10,2.039998,8838,1,1.257,1,1357,1
11,3.117123,30394,1,1.8427,1,8192,1
12,2.120086,14641,1,1.25,1,55,1
13,1.831681,247075,1,1.25,100,8192,1
14,6.573611,1000,1,1.25,100,8192,1
15,1.9155,181400,1,1.25,1,8192,1
16,2.045754,131565,1,1.25,100,68,1
17,1.925755,58097,1,1.25,1,428,1
18,2.191244,838860,1,1.25,100,8192,1
19,2.362218,838860,1,1.25,100,4,2048
20,4.536759,838860,1,2.0,1,4,2048
21,6.12027,838860,1,1.25,100,8192,75
22,2.713066,838860,1,1.25,1,4,2048
23,2.282106,20649,1,1.25,100,4,2048
24,2.161583,95100,1,1.25,100,4,55
25,1.987945,66090,1,1.25,1,1625,1
26,2.116375,80969,1,1.25,1,4,40
27,2.870037,57334,1,1.25,1,4,1
28,1.797349,162749,1,1.25,100,1246,1
29,2.498336,45001,1,1.25,1,4,2048
30,2.124864,121352,1,1.25,100,4,2048
31,1.963422,1000,1,1.25,1,4,24
32,1.860603,253953,1,1.25,100,1115,1
33,3.303757,1000,1,1.266,1,4,1
34,1.934259,5122,1,1.25,1,4,66
35,2.083731,1000,1,1.25,1,4,640
36,3.565446,1000,1,2.0,1,4,321
37,2.230374,1000,1,1.25,100,4,115
38,1.839309,64803,1,1.25,100,472,1
39,1.839743,150422,1,1.25,100,2970,1
40,3.624031,626798,1,2.0,100,8192,1
41,1.85999,1000,1,1.25,1,4,104
42,1.961836,13786,1,1.25,1,369,1
43,1.844773,122531,1,1.25,100,553,1
44,2.141907,9467,1,1.25,100,4,66
45,1.992316,33051,1,1.25,1,26,11
46,1.836647,1762,1,1.25,1,13,37
47,2.0858,35490,1,1.25,100,28,27
48,1.899382,4364,1,1.25,1,12,30
49,1.819529,119431,1,1.25,100,1315,1
50,1.895915,423541,1,1.25,1,17,34
51,2.127563,282194,1,1.25,100,14,185
52,1.976706,211084,1,1.25,1,24,9
53,2.21709,838860,1,1.25,1,4,36
54,2.034666,116695,1,1.25,1,15,90
55,1.874505,1000,1,1.2743,1,8,68
56,1.870791,51747,1,1.2741,1,8192,1
57,1.744575,148178,1,1.25,100,8192,1
58,1.748925,113486,1,1.25,100,8192,1
59,1.746591,115556,1,1.25,100,8192,1
60,2.133685,838860,1,1.2589,100,40,9
61,1.73922,117284,1,1.25,100,8192,1
62,1.990573,838860,1,1.25,1,57,20
63,1.747009,112191,1,1.25,100,8192,1
64,1.77468,122048,1,1.25,100,8192,1
65,4.194718,838860,1,2.0,1,145,1
66,1.792183,1000,1,1.25,1,29,9
67,1.753877,2663,1,1.256,1,48,8
68,1.777289,2348,1,1.25,1,33,8
69,1.770939,1547,1,1.25,1,42,15
70,1.771437,1760,1,1.25,1,61,6
71,1.955598,2339,1,1.2742,100,44,11
72,2.317746,12538,1,1.2617,100,99,4
73,1.871063,1000,1,1.25,100,20,22
74,1.954395,2797,1,1.25,100,20,48
75,4.552875,1000,1,2.0,1,156,1
76,2.423048,1388,1,1.5063,100,20,24
77,1.832419,46144,1,1.25,100,1784,1
78,2.25177,838860,1,1.25,100,206,1
79,1.744336,90304,1,1.25,100,8192,1
80,1.769414,1860,1,1.25,1,41,10
81,1.74432,92714,1,1.25,100,8192,1
82,1.776146,3400,1,1.25,1,58,8
83,1.749568,92899,1,1.25,100,8192,1
84,1.746939,95333,1,1.25,100,8192,1
85,3.464174,838860,1,1.25,1,50,2048
86,1.907401,102657,1,1.3529,100,8192,1
87,1.810856,1000,1,1.2601,1,25,25
88,1.781232,87966,1,1.25,100,6045,1
89,1.913511,1000,1,1.25,100,42,38
90,1.865927,169790,1,1.25,1,91,9
91,1.866909,204170,1,1.25,100,92,10
92,2.062997,277164,1,1.2503,1,240,1
93,1.886721,256300,1,1.25,1,49,34
94,1.814602,3316,1,1.25,1,40,15
95,1.841654,2677,1,1.2552,1,56,4
96,1.723099,1000,1,1.2544,1,55,11
97,1.709763,1000,1,1.2544,1,63,11
98,1.710947,1000,1,1.2544,1,78,12
99,1.716625,1000,1,1.2544,1,74,11
100,1.712123,1000,1,1.2544,1,68,14
101,1.715678,1000,1,1.2544,1,68,13
102,1.697066,1000,1,1.2544,1,71,11
103,1.717639,1000,1,1.2544,1,97,9
104,1.714852,1000,1,1.2544,1,93,14
105,1.719132,1445,1,1.2544,1,95,11
106,5.850881,1000,1,1.25,1,44,2048
107,2.004115,838860,1,1.25,100,77,60
108,20.0,838860,0,1.25,1,4,1
109,1.875713,300989,1,1.25,100,304,7
110,2.194681,52450,1,1.25,100,4,401
111,1.839733,172764,1,1.25,100,169,29
112,1.818166,72415,1,1.25,100,433,6
113,1.895296,16509,1,1.25,1,309,7
114,1.843483,134361,1,1.2614,1,263,16
115,2.081676,838860,1,1.25,1,22,121
116,1.880084,1000,1,1.2544,100,98,13
117,1.879674,55864,1,1.25,1,161,17
118,1.675076,2001,1,1.2551,1,168,8
119,1.712397,2164,1,1.25,1,187,7
120,1.684989,2325,1,1.2551,1,159,11
121,1.698572,1966,1,1.2529,1,145,10
122,1.681162,1681,1,1.2551,1,194,11
123,1.670894,2367,1,1.2551,1,214,11
124,1.656938,2148,1,1.25,1,199,11
125,1.711388,2606,1,1.25,1,231,11
126,1.672605,1474,1,1.25,1,178,11
127,1.675204,1654,1,1.25,1,173,11
128,1.902661,4456,1,1.25,100,233,21
129,1.67053,1992,1,1.25,1,169,13
130,1.881516,537276,1,1.25,1,189,42
131,1.673285,1478,1,1.25,1,192,10
132,1.687633,1784,1,1.25,1,170,12
133,3.747533,838860,1,2.0,100,173,129
134,1.940923,60585,1,1.25,100,457,23
135,1.671868,1655,1,1.25,1,228,9
136,1.700198,1000,1,1.25,1,176,10
137,1.943391,157997,1,1.25,1,169,75
138,2.132943,13317,1,1.25,100,659,5
139,2.139887,364296,1,1.25,100,8,9
140,5.472918,1000,1,1.25,100,4,2048
141,1.90057,3683,1,1.25,1,4,367
142,2.171656,1000,1,1.2723,100,4,9
143,2.07091,52273,1,1.25,100,87,132
144,1.970421,22375,1,1.25,100,152,30
145,2.427898,15633,1,1.2505,100,4,7
146,1.969398,321471,1,1.2716,100,26,38
147,1.875903,6629,1,1.25,1,30,106
148,1.782827,4715,1,1.25,1,123,40
149,1.753251,1000,1,1.25,1,45,64
150,1.678188,1000,1,1.25,1,108,32
151,1.717836,1573,1,1.25,1,89,35
152,1.688705,1000,1,1.25,1,161,22
153,2.361302,1000,1,1.5709,1,152,30
154,1.680895,1862,1,1.25,1,182,21
155,1.715623,1327,1,1.25,1,142,49
156,2.080041,95153,1,1.2593,1,64,2
157,2.124682,54800,1,1.25,100,16,922
158,1.978004,838860,1,1.2538,1,432,8
159,2.373628,838860,1,1.25,100,71,458
160,2.244651,838860,1,1.2633,100,4,56
161,1.678608,1623,1,1.25,1,217,14
162,1.783514,131902,1,1.25,100,1317,3
163,3.55833,418567,1,2.0,1,4,24
164,1.764883,164861,1,1.25,100,880,8
165,1.789162,202418,1,1.25,1,926,8
166,1.910095,618375,1,1.25,1,3023,5
167,1.818228,152208,1,1.25,100,8192,2
168,1.838583,1000,1,1.25,1,9,211
169,2.088595,160154,1,1.25,1,8192,3
170,1.925099,462210,1,1.2674,100,2235,4
171,2.004371,41382,1,1.25,1,48,281
172,1.869005,445361,1,1.25,1,899,15
173,2.078823,838860,1,1.25,1,1682,2
174,2.014977,3745,1,1.25,100,120,66
175,2.167522,5412,1,1.2861,1,4,9
176,1.756009,2787,1,1.2503,1,79,107
177,2.119503,13088,1,1.2532,100,19,248
178,2.05392,370484,1,1.25,1,80,169
179,1.940071,11134,1,1.25,1,118,115
180,2.412147,838860,1,1.282,1,4,4
181,20.0,1000,0,1.25,1,8192,1
182,2.147855,1000,1,1.25,100,24,5
183,1.893256,4441,1,1.2659,1,22,286
184,1.708896,1636,1,1.2532,1,157,29
185,1.793747,135336,1,1.2532,100,328,13
186,1.713448,3524,1,1.25,1,205,17
187,1.673934,1406,1,1.25,1,168,15
188,1.682756,1752,1,1.25,1,219,13
189,3.824066,25792,1,2.0,1,61,182
190,1.980246,19839,1,1.272,1,1315,3
191,1.77522,3793,1,1.25,1,383,4
192,2.348632,838860,1,1.2512,100,4,486
193,1.665844,2104,1,1.25,1,267,9
194,1.666635,2835,1,1.25,1,283,8
195,1.643398,2097,1,1.25,1,258,9
196,1.677875,1850,1,1.25,1,327,7
197,1.685721,3066,1,1.25,1,395,8
198,2.03218,17477,1,1.2571,1,11,426
199,1.674683,1945,1,1.25,1,311,10
200,1.971232,838860,1,1.25,100,426,21
201,3.969963,1000,1,2.0,1,4,10
202,1.968339,352214,1,1.25,100,259,73
203,1.789792,104528,1,1.2522,100,2796,4
204,2.114101,7279,1,1.2505,1,17,4
205,2.517279,1000,1,1.25,1,107,1
206,3.498162,38421,1,1.7502,100,4,1224
207,2.138162,838860,1,1.2521,1,325,103
208,1.67566,2341,1,1.25,1,286,7
209,1.849583,58234,1,1.25,1,814,12
210,1.858652,9033,1,1.25,1,368,21
211,3.004757,838860,1,1.8245,1,1748,13
212,3.345476,58180,1,2.0,100,665,10
213,2.093117,1982,1,1.2892,100,4,27
214,2.148234,122814,1,1.2563,1,4,10
215,1.73783,1000,1,1.2523,1,241,5
216,1.870381,1000,1,1.2645,1,56,135
217,1.808296,69841,1,1.2505,100,1189,6
218,2.920136,838860,1,1.2757,100,4,1
219,2.130873,1000,1,1.2569,100,193,30
220,1.78295,1836,1,1.2662,1,23,126
221,20.0,838860,0,2.0,1,8192,1
222,1.697901,2524,1,1.25,1,320,12
223,1.67303,1737,1,1.25,1,274,7
224,1.689799,1821,1,1.25,1,434,6
225,1.858284,2621,1,1.2504,100,85,25
226,1.696406,1000,1,1.25,1,309,9
227,1.652616,1629,1,1.25,1,289,8
228,1.673857,1631,1,1.25,1,289,8
229,2.245851,88900,1,1.25,100,128,559
230,6.747804,838860,1,1.25,100,459,2048
231,1.810345,64529,1,1.2537,100,3222,2
232,1.851618,156210,1,1.2685,1,2187,5
233,20.0,1000,0,1.9964,100,4,1
234,1.854013,466758,1,1.25,100,137,20
235,2.606644,5985,1,1.254,100,267,1
236,1.893453,172370,1,1.25,1,535,36
237,2.22645,72265,1,1.25,1,221,294
238,2.15862,286360,1,1.2544,1,4,252
239,2.132305,258789,1,1.25,1,18,542
240,20.0,838860,0,1.2847,1,8192,2048
241,1.707055,1764,1,1.25,1,317,8
242,1.842609,1508,1,1.25,1,544,3
243,1.724837,3930,1,1.25,1,643,6
244,1.813906,2971,1,1.251,1,10,150
245,2.195964,156202,1,1.2756,100,50,365
246,2.27489,13841,1,1.25,100,95,334
247,2.332932,38218,1,1.2685,1,46,909
248,2.332916,838860,1,1.2599,1,8192,1
249,2.14199,838860,1,1.2545,1,75,4
250,1.695327,1000,1,1.251,1,109,23
251,2.075454,176546,1,1.25,100,23,3
252,2.534121,296844,1,1.6134,1,85,19
253,1.73618,4546,1,1.25,1,365,9
254,1.838824,252463,1,1.259,100,651,20
255,1.678447,2226,1,1.25,1,435,6
256,1.764616,2951,1,1.2509,1,205,55
257,1.801713,212377,1,1.25,1,2083,10
258,2.225631,307563,1,1.25,100,15,2048
259,1.856329,134392,1,1.2527,100,158,3
260,1.868565,113879,1,1.253,1,263,5
261,1.869026,1000,1,1.25,1,4,265
262,1.973215,102397,1,1.2539,1,16,25
263,4.067809,1000,1,1.25,100,4,1
264,2.035176,21640,1,1.2526,1,4,180
265,1.795705,223518,1,1.25,100,2079,9
266,2.189714,566003,1,1.25,100,8192,4
267,1.87832,7598,1,1.2511,1,117,14
268,2.021425,838860,1,1.25,100,1466,10
269,2.141011,41119,1,1.25,100,340,104
270,1.862362,56278,1,1.2525,100,791,2
271,1.97066,106002,1,1.25,100,23,10
272,3.203932,838860,1,1.2777,1,4,1
273,2.030981,1000,1,1.2786,1,8,6
274,1.755188,1000,1,1.25,1,449,6
275,2.458711,838860,1,1.2557,100,28,1
276,2.040169,2658,1,1.2579,100,10,12
277,1.66977,2098,1,1.25,1,439,9
278,1.701255,1741,1,1.25,1,276,21
279,1.669641,2193,1,1.25,1,449,8
280,1.668664,1461,1,1.25,1,291,12
281,1.64826,1698,1,1.25,1,304,11
282,1.648245,1750,1,1.25,1,318,10
283,1.664568,1748,1,1.25,1,316,10
284,1.647507,1814,1,1.25,1,367,11
285,1.651745,1885,1,1.25,1,363,11
286,1.65848,1820,1,1.25,1,336,10
287,1.665595,2156,1,1.25,1,391,12
288,1.662621,1874,1,1.25,1,387,9
289,1.70392,1000,1,1.25,1,264,16
290,1.671486,1793,1,1.25,1,290,12
291,1.670065,1743,1,1.25,1,437,10
292,1.66488,2144,1,1.25,1,366,9
293,1.651317,2613,1,1.25,1,481,11
294,1.666256,2588,1,1.25,1,478,11
295,1.669535,2249,1,1.25,1,519,9
296,1.667551,2353,1,1.25,1,392,14
297,1.677158,1738,1,1.25,1,425,12
298,1.661477,2382,1,1.25,1,395,10
299,1.686349,3351,1,1.25,1,555,11
