dim,nthreads,prec,N,cpu_time_ns,real_time_ns,cpu_time_stddev_ns,repetitions,time_unit,l2_cache_bytes,l3_cache_bytes
1,1,d,100.0,1108.6999999999903,1110.3000360890292,55.35319709439481,8,ns,262144,52428800
1,1,f,100.0,899.900000000042,901.5999694383936,81.47972578677938,8,ns,262144,52428800
1,1,d,240.0,2459.299999999984,2464.399995005806,20.560642013359175,8,ns,262144,52428800
1,1,f,240.0,2091.3999999998614,2096.1000245733885,33.359128114738155,8,ns,262144,52428800
1,1,d,486.0,5501.600000000062,5504.199998540571,473.83581167799485,8,ns,262144,52428800
1,1,f,486.0,3673.4000000000074,3675.4000120708956,33.40965429336689,8,ns,262144,52428800
1,1,d,1080.0,12948.00000000004,12955.600004715963,485.3648877759426,8,ns,262144,52428800
1,1,f,1080.0,7899.299999999943,7910.0000220933,32.002310184428566,8,ns,262144,52428800
1,1,d,2400.0,31333.40000000019,31332.200023825862,1372.851181197141,8,ns,262144,52428800
1,1,f,2400.0,19302.700000000015,19323.000014992434,910.3401295277055,8,ns,262144,52428800
1,1,d,5120.0,88222.90000000018,88227.10001368252,5899.243285553276,8,ns,262144,52428800
1,1,f,5120.0,44461.49999999989,44467.399993664,475.01580124086706,8,ns,262144,52428800
1,1,d,11520.0,226684.19999999984,226712.8999847046,16924.09785143606,8,ns,262144,52428800
1,1,f,11520.0,98602.19999999962,98607.79996415658,850.3885296898766,8,ns,262144,52428800
1,1,d,25000.0,559982.2000000005,560004.0999979684,5013.729914016512,8,ns,262144,52428800
1,1,f,25000.0,214518.20000000024,214506.4000160346,1690.2807947217632,8,ns,262144,52428800
1,1,d,55296.0,1331078.1999999967,1331121.8000126248,7215.794435974456,8,ns,262144,52428800
1,1,f,55296.0,602050.4999999995,602040.0000124938,11924.380778622772,8,ns,262144,52428800
1,1,d,120000.0,2729210.100000007,2729240.1000067913,10518.197560864854,8,ns,262144,52428800
1,1,f,120000.0,2050220.8000000021,2050258.400004168,4160.478126369684,8,ns,262144,52428800
1,1,d,262144.0,5620312.700000009,5620339.400002195,11326.588322197154,8,ns,262144,52428800
1,1,f,262144.0,3996321.299999994,3996362.399993814,7348.263282516228,8,ns,262144,52428800
1,1,d,576000.0,15216813.59999998,15217616.900054056,117753.88102361574,8,ns,262144,52428800
1,1,f,576000.0,10381752.39999999,10381746.599978216,22606.92442702723,8,ns,262144,52428800
1,1,d,1280000.0,35333193.90000003,35333210.59999252,117700.48656437657,8,ns,262144,52428800
1,1,f,1280000.0,23648826.39999997,23648832.900016714,66449.85175580729,8,ns,262144,52428800
1,1,d,2799360.0,125749481.90000015,125751418.50002183,57362.6323306446,8,ns,262144,52428800
1,1,f,2799360.0,61275106.00000008,61275750.89999482,155021.96342027545,8,ns,262144,52428800
1,1,d,6144000.0,308138105.90000015,308149076.99996185,90422.07280659735,8,ns,262144,52428800
1,1,f,6144000.0,173872401.00000024,173875750.29997608,114063.38502561588,8,ns,262144,52428800
1,1,d,13436928.0,692852794.7999996,692881294.000017,125219.0032398761,8,ns,262144,52428800
1,1,f,13436928.0,391863249.40000004,391877905.29999804,33040.40585637596,8,ns,262144,52428800
1,40,d,100.0,1018.1000000000165,1018.3999620494434,47.348910079488086,8,ns,262144,52428800
1,40,f,100.0,838.6999999999891,840.8000212511979,78.8597625082217,8,ns,262144,52428800
1,40,d,240.0,2256.0999999999067,2259.2000277654734,27.470503661758023,8,ns,262144,52428800
1,40,f,240.0,1915.8000000000457,1918.3000404154884,37.37053843414953,8,ns,262144,52428800
1,40,d,486.0,5037.300000000027,5035.499998484739,48.569478952537175,8,ns,262144,52428800
1,40,f,486.0,3358.500000000004,3364.500025782036,54.00491379758048,8,ns,262144,52428800
1,40,d,1080.0,11397.499999999967,11397.900016163478,50.35252157118445,8,ns,262144,52428800
1,40,f,1080.0,7018.799999999967,7020.1000198721895,162.19099631516582,8,ns,262144,52428800
1,40,d,2400.0,25655.099999999897,25642.79998296115,45.91046410509948,8,ns,262144,52428800
1,40,f,2400.0,16405.100000000013,16404.799998781527,1298.4589984725699,8,ns,262144,52428800
1,40,d,5120.0,70706.70000000004,70718.99995025888,855.1943738957913,8,ns,262144,52428800
1,40,f,5120.0,36338.39999999996,36352.89999692759,1029.059337106186,8,ns,262144,52428800
1,40,d,11520.0,178461.40000000005,190143.2000067871,2645.5966472603595,8,ns,262144,52428800
1,40,f,11520.0,80203.39999999966,80166.20004127618,1266.5620730937221,8,ns,262144,52428800
1,40,d,25000.0,213752.0000000004,242003.49998864115,2714.042178322192,8,ns,262144,52428800
1,40,f,25000.0,215054.80000000022,215030.10002561496,493.90566407188106,8,ns,262144,52428800
1,40,d,55296.0,323991.899999998,420263.9000141062,2240.8880202460746,8,ns,262144,52428800
1,40,f,55296.0,644338.0,644317.7000164725,952.2084731771961,8,ns,262144,52428800
1,40,d,120000.0,557346.2000000029,720632.9000382539,4715.256806140063,8,ns,262144,52428800
1,40,f,120000.0,380553.4999999999,547306.4999478083,3893.649976105742,8,ns,262144,52428800
1,40,d,262144.0,937633.1999999988,1235606.2999970163,3662.6604674589607,8,ns,262144,52428800
1,40,f,262144.0,685295.9000000048,881801.200011978,1979.6387772876892,8,ns,262144,52428800
1,40,d,576000.0,1861963.099999997,2703737.999991063,13428.411429905895,8,ns,262144,52428800
1,40,f,576000.0,1189914.9999999972,1762907.0999646503,2234.79215463648,8,ns,262144,52428800
1,40,d,1280000.0,3983367.1999999876,5881912.900031239,31368.43846780214,8,ns,262144,52428800
1,40,f,1280000.0,2365081.300000016,3697117.6000406556,13782.51998057063,8,ns,262144,52428800
1,40,d,2799360.0,31171970.699999996,36191317.30001754,1958534.8858553926,8,ns,262144,52428800
1,40,f,2799360.0,5609817.2,8957185.200051755,13610.832725760025,8,ns,262144,52428800
1,40,d,6144000.0,73636680.20000009,84523870.59996909,164409.17584203155,8,ns,262144,52428800
1,40,f,6144000.0,36340125.899999976,43469065.40004057,43744.45171153082,8,ns,262144,52428800
1,40,d,13436928.0,178679411.0999999,181700923.80000824,1375236.3101044581,8,ns,262144,52428800
1,40,f,13436928.0,80932585.69999975,97495612.50000626,58235.827012101065,8,ns,262144,52428800
2,1,d,10.0,2584.5000000000036,2589.200039437856,84.54834204675703,8,ns,262144,52428800
2,1,f,10.0,2167.2000000000357,2171.70004361833,683.439080261415,8,ns,262144,52428800
2,1,d,16.0,3753.300000000019,3761.799962376245,47.22208169917603,8,ns,262144,52428800
2,1,f,16.0,3115.6000000000936,3119.9000204651384,63.18959566256489,8,ns,262144,52428800
2,1,d,24.0,6547.699999999955,6552.700006068336,355.6419989660528,8,ns,262144,52428800
2,1,f,24.0,5220.599999999996,5221.699984758744,67.02860796492489,8,ns,262144,52428800
2,1,d,36.0,14124.800000000008,14136.900017547307,558.0032661195038,8,ns,262144,52428800
2,1,f,36.0,11129.40000000005,11135.300019304852,523.5415599549053,8,ns,262144,52428800
2,1,d,54.0,33869.80000000001,33888.70004528144,404.7468618073839,8,ns,262144,52428800
2,1,f,54.0,25079.199999999968,25103.100006163004,402.1003277434215,8,ns,262144,52428800
2,1,d,80.0,71158.40000000013,71174.40000001807,917.1870127893004,8,ns,262144,52428800
2,1,f,80.0,50725.39999999986,50746.99997749122,1735.3809361553535,8,ns,262144,52428800
2,1,d,120.0,166165.89999999994,166191.2999679771,1435.0641118094777,8,ns,262144,52428800
2,1,f,120.0,114904.89999999992,114913.69996292634,785.2659822358846,8,ns,262144,52428800
2,1,d,180.0,445604.39999999927,445607.9999727081,942.2695303408356,8,ns,262144,52428800
2,1,f,180.0,289378.3999999997,289392.60000697686,542.6795680407846,8,ns,262144,52428800
2,1,d,256.0,889093.9999999987,889107.500006503,2359.1658149049235,8,ns,262144,52428800
2,1,f,256.0,638781.199999998,638766.8999650487,1140.93221753431,8,ns,262144,52428800
2,1,d,384.0,2575433.4000000046,2575432.4999979874,3347.9340494950934,8,ns,262144,52428800
2,1,f,384.0,1578362.4000000025,1578495.3000093084,7293.095952238644,8,ns,262144,52428800
2,1,d,600.0,6249984.500000006,6249978.59999894,7940.015569620871,8,ns,262144,52428800
2,1,f,600.0,3635980.5000000023,3635971.099993185,6532.684967113802,8,ns,262144,52428800
2,1,d,900.0,16144246.799999973,16144986.199969936,14559.066357136258,8,ns,262144,52428800
2,1,f,900.0,9874997.200000003,9875884.300026882,15998.891043554355,8,ns,262144,52428800
2,1,d,1350.0,42470960.999999985,42470997.89995445,57368.91914564439,8,ns,262144,52428800
2,1,f,1350.0,24468339.90000008,24468346.399999063,48984.96828816469,8,ns,262144,52428800
2,1,d,2000.0,101245457.09999976,101249782.50000823,301021.4579590004,8,ns,262144,52428800
2,1,f,2000.0,55769607.29999998,55772026.09997585,1150436.5317939534,8,ns,262144,52428800
2,1,d,3000.0,257322329.20000085,257331549.4000326,482638.80263608356,8,ns,262144,52428800
2,1,f,3000.0,132998352.79999997,133002306.10002473,198959.2423312629,8,ns,262144,52428800
2,1,d,4500.0,699181690.6000011,699203356.7000363,105529.60518483829,8,ns,262144,52428800
2,1,f,4500.0,371756956.20000017,371769377.6000488,599473.3231999616,8,ns,262144,52428800
2,1,d,8192.0,2552640142.600001,2552736498.30001,806963.5222602262,8,ns,262144,52428800
2,1,f,8192.0,1454375558.999999,1454422006.499999,8062546.870775731,8,ns,262144,52428800
2,40,d,10.0,2337.3000000000143,2339.4999971060315,65.41461173595621,8,ns,262144,52428800
2,40,f,10.0,2091.2000000000103,2093.800003422075,76.38143005434078,8,ns,262144,52428800
2,40,d,16.0,3574.5000000000223,3575.29997927486,34.109979687571396,8,ns,262144,52428800
2,40,f,16.0,3057.9999999999673,3061.500001422246,52.28858793819059,8,ns,262144,52428800
2,40,d,24.0,6420.899999999997,6422.699971153635,64.51794324066759,8,ns,262144,52428800
2,40,f,24.0,5350.49999999997,5355.800021789037,32.65013673120143,8,ns,262144,52428800
2,40,d,36.0,14064.999999999998,14067.099982639775,34.49528953409175,8,ns,262144,52428800
2,40,f,36.0,11243.80000000003,11249.099998167367,125.51717014009265,8,ns,262144,52428800
2,40,d,54.0,33989.39999999986,33991.40005058143,1632.6165817046538,8,ns,262144,52428800
2,40,f,54.0,25631.30000000011,25648.699966041022,532.9063915385976,8,ns,262144,52428800
2,40,d,80.0,72000.59999999987,71997.50002655492,1008.3236484385028,8,ns,262144,52428800
2,40,f,80.0,51395.5,51415.69999977946,598.5359542849023,8,ns,262144,52428800
2,40,d,120.0,165621.10000000012,165636.9000556879,1477.1122135548312,8,ns,262144,52428800
2,40,f,120.0,117280.10000000012,117273.70006155981,830.4739193464346,8,ns,262144,52428800
2,40,d,180.0,448291.2999999992,448299.4999762014,951.7771314133989,8,ns,262144,52428800
2,40,f,180.0,290994.5000000004,291001.499954291,1099.9294311819315,8,ns,262144,52428800
2,40,d,256.0,205511.19999999978,269545.9000278788,3311.0275054952526,8,ns,262144,52428800
2,40,f,256.0,179620.49999999953,185564.89999355108,5450.477651349486,8,ns,262144,52428800
2,40,d,384.0,290473.8000000018,394826.10004597524,1516.8851672799176,8,ns,262144,52428800
2,40,f,384.0,239591.9999999996,320160.79999266367,2022.0473267046964,8,ns,262144,52428800
2,40,d,600.0,460191.10000000696,800921.3999685016,2420.2707143441917,8,ns,262144,52428800
2,40,f,600.0,363461.60000000073,590178.9000290593,2145.1650124689672,8,ns,262144,52428800
2,40,d,900.0,985394.8000000058,1881172.7999946016,5532.409715698129,8,ns,262144,52428800
2,40,f,900.0,661339.3000000023,1201229.100024648,1589.3052981462392,8,ns,262144,52428800
2,40,d,1350.0,2409328.100000008,4862519.100015561,9639.288960537548,8,ns,262144,52428800
2,40,f,1350.0,1426988.3999999955,2829047.0000683856,4860.632539379975,8,ns,262144,52428800
2,40,d,2000.0,7396362.399999967,11391851.200005477,104424.22880649767,8,ns,262144,52428800
2,40,f,2000.0,3179740.700000022,5952178.20000471,291785.1255161328,8,ns,262144,52428800
2,40,d,3000.0,19447842.5999999,21825689.500019506,434445.41789369506,8,ns,262144,52428800
2,40,f,3000.0,9608770.500000043,13853253.500019493,107581.31848765233,8,ns,262144,52428800
2,40,d,4500.0,52356942.29999997,54438957.10000107,458038.2480313173,8,ns,262144,52428800
2,40,f,4500.0,27817661.49999996,29029174.000015702,379199.59244920796,8,ns,262144,52428800
2,40,d,8192.0,374396834.5000006,378189621.6000405,1385973.2496298277,8,ns,262144,52428800
2,40,f,8192.0,162604732.30000016,165789198.9999371,3916903.765455113,8,ns,262144,52428800
3,1,d,6.0,7219.999999999884,7221.899977594148,49.10362221137881,8,ns,262144,52428800
3,1,f,6.0,5310.599999999982,5311.400036589476,57.789810026110956,8,ns,262144,52428800
3,1,d,8.0,9314.50000000002,9315.399984188845,132.49214531973058,8,ns,262144,52428800
3,1,f,8.0,7372.7,7380.699980785721,93.00443921816324,8,ns,262144,52428800
3,1,d,12.0,31303.499999999967,31312.40000584512,485.12519444535025,8,ns,262144,52428800
3,1,f,12.0,23365.39999999998,23368.900019704597,109.81128942808049,8,ns,262144,52428800
3,1,d,18.0,103791.30000000015,103850.7999965077,426.3867317349975,8,ns,262144,52428800
3,1,f,18.0,74890.09999999998,74905.49996873597,737.757885178065,8,ns,262144,52428800
3,1,d,30.0,451034.79999999906,451030.39997229644,2640.7113862964607,8,ns,262144,52428800
3,1,f,30.0,323092.1000000005,323101.30004589155,1111.0172812802907,8,ns,262144,52428800
3,1,d,40.0,1010878.8000000007,1010883.799972362,26240.4532747076,8,ns,262144,52428800
3,1,f,40.0,713255.2000000001,713260.6000141095,1055.0241727024143,8,ns,262144,52428800
3,1,d,60.0,3659886.1000000094,3659876.7000668887,7139.209372889394,8,ns,262144,52428800
3,1,f,60.0,2555677.000000001,2555665.9999892875,1734.2235834617868,8,ns,262144,52428800
3,1,d,90.0,13596097.200000012,13596123.100069236,60079.47245835317,8,ns,262144,52428800
3,1,f,90.0,9264901.599999998,9264914.300001692,12985.822748662289,8,ns,262144,52428800
3,1,d,128.0,44973069.00000001,44974504.30003483,332488.2583055876,8,ns,262144,52428800
3,1,f,128.0,27099657.499999985,27099692.89999208,176774.05816157916,8,ns,262144,52428800
3,1,d,192.0,179186359.0000002,179193074.90001303,242196.76993036031,8,ns,262144,52428800
3,1,f,192.0,97668655.49999988,97671510.99995318,171513.94084369193,8,ns,262144,52428800
3,1,d,432.0,2496376026.3000016,2496463413.6000314,6765612.775325013,8,ns,262144,52428800
3,1,f,432.0,1457544792.0000002,1457585207.10001,989392.0976839412,8,ns,262144,52428800
3,40,d,6.0,7271.500000000098,7272.499988175697,40.572888555265486,8,ns,262144,52428800
3,40,f,6.0,5274.800000000047,5282.499978420674,90.79329349048845,8,ns,262144,52428800
3,40,d,8.0,9136.999999999949,9137.400047620758,57.10859329886445,8,ns,262144,52428800
3,40,f,8.0,7356.400000000079,7357.299955401687,73.09910591596126,8,ns,262144,52428800
3,40,d,12.0,30733.799999999905,30735.29996981961,607.7040674303298,8,ns,262144,52428800
3,40,f,12.0,22784.899999999958,22802.500006946506,54.608208435644606,8,ns,262144,52428800
3,40,d,18.0,103407.90000000002,103407.70004404477,1144.7124542243027,8,ns,262144,52428800
3,40,f,18.0,73882.50000000003,73910.80002889795,669.4324029674912,8,ns,262144,52428800
3,40,d,30.0,448912.700000001,448910.8000143461,1529.8050146558892,8,ns,262144,52428800
3,40,f,30.0,319610.89999999997,319631.4999968308,1550.0818033694252,8,ns,262144,52428800
3,40,d,40.0,293955.29999999976,368333.500045992,1490.4748138471448,8,ns,262144,52428800
3,40,f,40.0,263414.70000000036,293175.30002117564,16596.02477512143,8,ns,262144,52428800
3,40,d,60.0,449501.6000000019,652780.6000121927,1788.4339422233986,8,ns,262144,52428800
3,40,f,60.0,380446.69999999786,535101.4000098075,2442.5126617616006,8,ns,262144,52428800
3,40,d,90.0,925432.3000000009,1751933.299965458,2583.5684309291682,8,ns,262144,52428800
3,40,f,90.0,686294.1000000011,1214737.2000072212,3075.5662707481074,8,ns,262144,52428800
3,40,d,128.0,2275162.0000000307,4591582.40000761,41363.578259127826,8,ns,262144,52428800
3,40,f,128.0,1397254.799999992,2853538.6999919866,6207.204098891054,8,ns,262144,52428800
3,40,d,192.0,21050156.400000032,22457730.5999901,587471.3251526017,8,ns,262144,52428800
3,40,f,192.0,5125554.499999963,9371445.899978425,69047.11219722143,8,ns,262144,52428800
3,40,d,432.0,274900964.2000004,277884589.89998615,673949.1499608507,8,ns,262144,52428800
3,40,f,432.0,135327139.90000007,143551721.09999332,158960.6117363421,8,ns,262144,52428800
