density,nthreads,sync,nthr_atomic,M,N,time_s
0.125,1,atomic,1,8388608,8192,6.087071
0.125,1,critical,10000,8388608,8192,6.27087
0.125,2,atomic,1,8388608,8192,4.771434
0.125,2,critical,10000,8388608,8192,4.044054
0.125,4,atomic,1,8388608,8192,3.239098
0.125,4,critical,10000,8388608,8192,2.965427
0.125,8,atomic,1,8388608,8192,2.606851
0.125,8,critical,10000,8388608,8192,2.636034
0.125,10,atomic,1,8388608,8192,2.565465
0.125,10,critical,10000,8388608,8192,2.562252
0.125,16,atomic,1,8388608,8192,2.57153
0.125,16,critical,10000,8388608,8192,2.616451
0.125,20,atomic,1,8388608,8192,2.66356
0.125,20,critical,10000,8388608,8192,2.737315
0.125,32,atomic,1,8388608,8192,2.745459
0.125,32,critical,10000,8388608,8192,2.776068
0.125,40,atomic,1,8388608,8192,2.989075
0.125,40,critical,10000,8388608,8192,3.000853
0.25,1,atomic,1,8388608,5793,3.942665
0.25,1,critical,10000,8388608,5793,3.960845
0.25,2,atomic,1,8388608,5793,2.675364
0.25,2,critical,10000,8388608,5793,2.273347
0.25,4,atomic,1,8388608,5793,1.718952
0.25,4,critical,10000,8388608,5793,1.547894
0.25,8,atomic,1,8388608,5793,1.245612
0.25,8,critical,10000,8388608,5793,1.231493
0.25,10,atomic,1,8388608,5793,1.182269
0.25,10,critical,10000,8388608,5793,1.204523
0.25,16,atomic,1,8388608,5793,1.203696
0.25,16,critical,10000,8388608,5793,1.205674
0.25,20,atomic,1,8388608,5793,1.204837
0.25,20,critical,10000,8388608,5793,1.220492
0.25,32,atomic,1,8388608,5793,1.268697
0.25,32,critical,10000,8388608,5793,1.309505
0.25,40,atomic,1,8388608,5793,1.422489
0.25,40,critical,10000,8388608,5793,1.429803
0.5,1,atomic,1,8388608,4096,2.314895
0.5,1,critical,10000,8388608,4096,2.24677
0.5,2,atomic,1,8388608,4096,1.53894
0.5,2,critical,10000,8388608,4096,1.320262
0.5,4,atomic,1,8388608,4096,0.970514
0.5,4,critical,10000,8388608,4096,0.862449
0.5,8,atomic,1,8388608,4096,0.706285
0.5,8,critical,10000,8388608,4096,0.669733
0.5,10,atomic,1,8388608,4096,0.669847
0.5,10,critical,10000,8388608,4096,0.653335
0.5,16,atomic,1,8388608,4096,0.676189
0.5,16,critical,10000,8388608,4096,0.67315
0.5,20,atomic,1,8388608,4096,0.68694
0.5,20,critical,10000,8388608,4096,0.687109
0.5,32,atomic,1,8388608,4096,0.718167
0.5,32,critical,10000,8388608,4096,0.737685
0.5,40,atomic,1,8388608,4096,0.775425
0.5,40,critical,10000,8388608,4096,0.789095
1,1,atomic,1,8388608,2896,1.721683
1,1,critical,10000,8388608,2896,1.722117
1,2,atomic,1,8388608,2896,1.120771
1,2,critical,10000,8388608,2896,0.993897
1,4,atomic,1,8388608,2896,0.666375
1,4,critical,10000,8388608,2896,0.605327
1,8,atomic,1,8388608,2896,0.468464
1,8,critical,10000,8388608,2896,0.4451
1,10,atomic,1,8388608,2896,0.436332
1,10,critical,10000,8388608,2896,0.413243
1,16,atomic,1,8388608,2896,0.421068
1,16,critical,10000,8388608,2896,0.409971
1,20,atomic,1,8388608,2896,0.414999
1,20,critical,10000,8388608,2896,0.410744
1,32,atomic,1,8388608,2896,0.430529
1,32,critical,10000,8388608,2896,0.444932
1,40,atomic,1,8388608,2896,0.46414
1,40,critical,10000,8388608,2896,0.465754
2,1,atomic,1,8388608,2048,1.404161
2,1,critical,10000,8388608,2048,1.412856
2,2,atomic,1,8388608,2048,0.853122
2,2,critical,10000,8388608,2048,0.786603
2,4,atomic,1,8388608,2048,0.518309
2,4,critical,10000,8388608,2048,0.464515
2,8,atomic,1,8388608,2048,0.340283
2,8,critical,10000,8388608,2048,0.32214
2,10,atomic,1,8388608,2048,0.309441
2,10,critical,10000,8388608,2048,0.298185
2,16,atomic,1,8388608,2048,0.288552
2,16,critical,10000,8388608,2048,0.275611
2,20,atomic,1,8388608,2048,0.280187
2,20,critical,10000,8388608,2048,0.273162
2,32,atomic,1,8388608,2048,0.292855
2,32,critical,10000,8388608,2048,0.313624
2,40,atomic,1,8388608,2048,0.303229
2,40,critical,10000,8388608,2048,0.303805
4,1,atomic,1,8388608,1448,1.272106
4,1,critical,10000,8388608,1448,1.265803
4,2,atomic,1,8388608,1448,0.725816
4,2,critical,10000,8388608,1448,0.668076
4,4,atomic,1,8388608,1448,0.411225
4,4,critical,10000,8388608,1448,0.390421
4,8,atomic,1,8388608,1448,0.272389
4,8,critical,10000,8388608,1448,0.263284
4,10,atomic,1,8388608,1448,0.248997
4,10,critical,10000,8388608,1448,0.241344
4,16,atomic,1,8388608,1448,0.224376
4,16,critical,10000,8388608,1448,0.218019
4,20,atomic,1,8388608,1448,0.220205
4,20,critical,10000,8388608,1448,0.212173
4,32,atomic,1,8388608,1448,0.229667
4,32,critical,10000,8388608,1448,0.221494
4,40,atomic,1,8388608,1448,0.230304
4,40,critical,10000,8388608,1448,0.241082
8,1,atomic,1,8388608,1024,1.206576
8,1,critical,10000,8388608,1024,1.205639
8,2,atomic,1,8388608,1024,0.657179
8,2,critical,10000,8388608,1024,0.63837
8,4,atomic,1,8388608,1024,0.366089
8,4,critical,10000,8388608,1024,0.355161
8,8,atomic,1,8388608,1024,0.238021
8,8,critical,10000,8388608,1024,0.230672
8,10,atomic,1,8388608,1024,0.212651
8,10,critical,10000,8388608,1024,0.208635
8,16,atomic,1,8388608,1024,0.184033
8,16,critical,10000,8388608,1024,0.180197
8,20,atomic,1,8388608,1024,0.175112
8,20,critical,10000,8388608,1024,0.175165
8,32,atomic,1,8388608,1024,0.17935
8,32,critical,10000,8388608,1024,0.179243
8,40,atomic,1,8388608,1024,0.189259
8,40,critical,10000,8388608,1024,0.186391
16,1,atomic,1,8388608,724,1.087727
16,1,critical,10000,8388608,724,1.087076
16,2,atomic,1,8388608,724,0.598911
16,2,critical,10000,8388608,724,0.574356
16,4,atomic,1,8388608,724,0.331504
16,4,critical,10000,8388608,724,0.324756
16,8,atomic,1,8388608,724,0.211375
16,8,critical,10000,8388608,724,0.210101
16,10,atomic,1,8388608,724,0.191309
16,10,critical,10000,8388608,724,0.190295
16,16,atomic,1,8388608,724,0.167599
16,16,critical,10000,8388608,724,0.162932
16,20,atomic,1,8388608,724,0.159504
16,20,critical,10000,8388608,724,0.156537
16,32,atomic,1,8388608,724,0.166714
16,32,critical,10000,8388608,724,0.16109
16,40,atomic,1,8388608,724,0.169731
16,40,critical,10000,8388608,724,0.169258
32,1,atomic,1,8388608,512,1.067515
32,1,critical,10000,8388608,512,1.033726
32,2,atomic,1,8388608,512,0.554522
32,2,critical,10000,8388608,512,0.557802
32,4,atomic,1,8388608,512,0.313356
32,4,critical,10000,8388608,512,0.306063
32,8,atomic,1,8388608,512,0.20068
32,8,critical,10000,8388608,512,0.199028
32,10,atomic,1,8388608,512,0.179423
32,10,critical,10000,8388608,512,0.179265
32,16,atomic,1,8388608,512,0.155173
32,16,critical,10000,8388608,512,0.153845
32,20,atomic,1,8388608,512,0.150528
32,20,critical,10000,8388608,512,0.14727
32,32,atomic,1,8388608,512,0.150116
32,32,critical,10000,8388608,512,0.155708
32,40,atomic,1,8388608,512,0.158047
32,40,critical,10000,8388608,512,0.157257
